日期,开盘,最高,最低,收盘,成交量,成交额
2015-09-02,930.87,999.65,921.53,941.90,9183631,8812653568.00
2015-09-07,951.73,989.79,940.81,950.19,8002932,7691286528.00
2015-09-08,949.69,998.34,929.94,995.98,7607677,7503052288.00
2015-09-09,1004.37,1046.53,1002.88,1043.00,11272542,11871549440.00
2015-09-10,1032.10,1042.65,1016.57,1018.52,8049475,8321047040.00
2015-09-11,1018.70,1038.34,1008.50,1027.04,7456436,7799531520.00
2015-09-14,1029.74,1032.03,947.93,953.26,8638577,8376576000.00
2015-09-15,919.39,934.86,884.01,885.81,6260000,6000465408.00
2015-09-16,885.85,952.55,877.07,948.16,8289919,8018844160.00
2015-09-17,943.59,970.48,924.02,924.02,9264423,9953625088.00
2015-09-18,930.37,937.00,913.02,930.31,5636676,6306668544.00
2015-09-21,915.23,970.84,911.41,969.07,7724583,8768624640.00
2015-09-22,970.99,989.43,964.61,976.67,8411998,9796550656.00
2015-09-23,960.70,977.06,954.23,962.21,7104841,8019798528.00
2015-09-24,967.83,982.13,964.61,975.05,6055767,7071165952.00
2015-09-25,973.94,981.72,938.92,946.11,7785776,8294213120.00
2015-09-28,945.76,960.27,926.29,960.27,5449429,5889583104.00
2015-09-29,945.89,958.20,936.05,944.11,5423283,6234629632.00
2015-09-30,946.97,960.01,944.18,951.97,8659097,6569267712.00
2015-10-08,990.05,1005.82,979.76,1000.15,9691546,9349590016.00
2015-10-09,998.69,1036.63,995.77,1029.19,10692761,11304025088.00
2015-10-12,1031.88,1086.70,1030.70,1075.41,12530903,13716300800.00
2015-10-13,1076.23,1104.30,1071.20,1103.25,12899394,14106053632.00
2015-10-14,1103.73,1121.69,1093.80,1100.18,11840603,13972378624.00
2015-10-15,1096.06,1137.26,1096.06,1135.98,9407617,11919363072.00
2015-10-16,1144.45,1155.54,1125.13,1146.15,12260802,12876682240.00
2015-10-19,1148.58,1157.20,1134.97,1149.64,10972624,12544195584.00
2015-10-20,1150.31,1179.62,1149.63,1174.29,9639043,12193762304.00
2015-10-21,1170.69,1174.27,1092.25,1098.38,11542821,13691508736.00
2015-10-22,1096.52,1133.41,1092.69,1132.81,8747735,10161604608.00
2015-10-23,1144.44,1174.85,1144.44,1170.40,10040151,12516706304.00
2015-10-26,1193.75,1201.62,1170.84,1197.77,13243710,16551303168.00
2015-10-27,1188.79,1204.44,1144.16,1194.89,13534206,16762352640.00
2015-10-28,1190.25,1208.57,1163.49,1166.44,12185596,14424434688.00
2015-10-29,1174.80,1195.73,1159.04,1181.29,10231652,12841537536.00
2015-10-30,1177.12,1193.36,1153.06,1173.56,11011702,14014836736.00
2015-11-02,1154.29,1173.69,1134.43,1142.64,10861593,12609368064.00
2015-11-03,1143.65,1154.87,1128.05,1138.65,8874709,11100655616.00
2015-11-04,1142.06,1194.95,1141.30,1194.85,11936552,15482975232.00
2015-11-05,1195.70,1207.58,1177.61,1186.75,14063753,17830475776.00
2015-11-06,1213.87,1247.54,1213.87,1239.82,13219711,17358282752.00
2015-11-09,1240.61,1265.75,1212.49,1257.11,16701716,22237145088.00
2015-11-10,1248.39,1279.88,1242.22,1273.59,15478908,20807018496.00
2015-11-11,1280.51,1311.57,1278.64,1310.64,12631452,18092886016.00
2015-11-12,1327.09,1327.42,1290.21,1308.17,18057510,23446890496.00
2015-11-13,1298.92,1298.92,1259.28,1270.19,13710625,18153207808.00
2015-11-16,1259.54,1326.21,1254.13,1326.21,13307110,17515776000.00
2015-11-17,1337.96,1348.21,1303.40,1306.16,17143271,22749452288.00
2015-11-18,1306.89,1319.87,1280.07,1286.29,11899787,16064374784.00
2015-11-19,1290.71,1359.25,1290.44,1358.60,13805461,19989903360.00
2015-11-20,1369.33,1397.95,1358.25,1382.38,16539002,24749285376.00
2015-11-23,1379.73,1391.36,1349.96,1358.64,13595030,19960145920.00
2015-11-24,1358.35,1410.04,1349.34,1410.04,12426637,19557515264.00
2015-11-25,1416.91,1433.68,1410.67,1432.40,13807073,23402240000.00
2015-11-26,1430.83,1444.92,1421.42,1426.74,13256631,22265962496.00
2015-11-27,1415.18,1433.60,1320.15,1331.27,14843462,21970767872.00
2015-11-30,1337.30,1357.86,1268.59,1357.11,12672255,17786773504.00
2015-12-01,1357.79,1366.10,1331.87,1348.34,9873575,14496817152.00
2015-12-02,1345.14,1348.96,1275.37,1317.93,8294861,11926393856.00
2015-12-03,1318.76,1356.81,1318.24,1356.81,8571006,12571691008.00
2015-12-04,1352.69,1377.11,1342.85,1356.41,9619674,14374420480.00
2015-12-07,1361.20,1365.16,1346.78,1363.40,8407659,12204627968.00
2015-12-08,1356.24,1356.24,1323.51,1325.48,8516067,12379331584.00
2015-12-09,1318.96,1324.79,1299.28,1307.05,7412176,10223625216.00
2015-12-10,1313.06,1329.94,1307.09,1311.50,7535717,11869595648.00
2015-12-11,1306.21,1311.31,1292.55,1302.18,7832654,11012546560.00
2015-12-14,1294.82,1325.41,1285.70,1325.41,6608251,9611817984.00
2015-12-15,1330.44,1342.31,1328.12,1335.72,6900328,10761068544.00
2015-12-16,1345.86,1377.51,1345.44,1366.03,9252274,14298463232.00
2015-12-17,1375.52,1402.89,1374.54,1402.61,12145045,18721894400.00
2015-12-18,1404.09,1408.10,1379.50,1389.08,11032939,16768212992.00
2015-12-21,1384.96,1397.14,1373.54,1392.24,9142863,13805189120.00
2015-12-22,1393.02,1406.44,1384.71,1406.44,9646792,14990356480.00
2015-12-23,1404.08,1404.35,1373.81,1374.28,8594529,14269257728.00
2015-12-24,1372.14,1377.12,1347.08,1376.51,6503585,10602506240.00
2015-12-25,1376.68,1389.18,1372.92,1384.29,5918985,10096077824.00
2015-12-28,1387.58,1395.74,1351.16,1351.16,7971351,12876063744.00
2015-12-29,1349.15,1363.94,1337.42,1363.94,6425466,10261570560.00
2015-12-30,1370.22,1383.77,1364.14,1383.47,7747356,12633671680.00
2015-12-31,1383.68,1389.44,1356.15,1358.35,7625719,12842449920.00
2016-01-04,1356.03,1362.55,1245.63,1245.72,6437967,10533125120.00
2016-01-05,1199.08,1252.75,1175.06,1223.29,9226819,14320889856.00
2016-01-06,1231.21,1257.64,1225.35,1257.25,7123453,12303523840.00
2016-01-07,1237.22,1237.22,1153.42,1157.25,2650490,3809189376.00
2016-01-08,1180.27,1197.48,1107.90,1165.89,9401014,13614143488.00
2016-01-11,1138.56,1147.36,1072.60,1073.12,7841007,10612541440.00
2016-01-12,1076.45,1087.94,1047.11,1071.33,6405950,8427695616.00
2016-01-13,1076.91,1087.99,1028.69,1028.69,6171531,8623343616.00
2016-01-14,1015.47,1077.30,995.51,1075.64,7349599,9200657408.00
2016-01-15,1069.41,1083.36,1036.79,1043.03,6637134,8998974464.00
2016-01-18,1027.05,1085.52,1022.24,1071.71,5755624,7739786240.00
2016-01-19,1068.75,1116.32,1068.01,1113.60,7202431,9851670528.00
2016-01-20,1103.82,1121.84,1093.21,1102.26,7064381,10094399488.00
2016-01-21,1086.47,1116.32,1055.49,1056.85,9821662,10558520320.00
2016-01-22,1069.49,1081.92,1036.62,1080.17,8392805,8975048704.00
2016-01-25,1092.79,1108.08,1081.02,1097.19,6801626,8376904192.00
2016-01-26,1084.71,1084.91,1007.40,1016.66,7728499,9159684096.00
2016-01-27,1014.27,1020.48,948.42,1006.31,7961025,8736402432.00
2016-01-28,992.42,1006.74,958.55,960.67,6827207,6685258752.00
2016-01-29,958.04,1007.38,950.37,996.53,7235779,7974313472.00
2016-02-01,996.94,1000.58,961.68,979.11,5726096,6336786432.00
2016-02-02,979.91,1020.47,979.91,1012.74,5876838,6876258304.00
2016-02-03,1002.29,1025.15,989.91,1018.50,5859718,6617978368.00
2016-02-04,1025.83,1047.79,1025.83,1042.80,6375425,7790614016.00
2016-02-05,1045.96,1050.39,1029.75,1029.80,5593592,6204131328.00
2016-02-15,990.24,1035.91,987.54,1029.39,4827342,5319252480.00
2016-02-16,1036.78,1082.51,1036.78,1078.85,6908019,8401940480.00
2016-02-17,1082.26,1096.04,1067.43,1092.81,8532813,10090472448.00
2016-02-18,1100.57,1106.10,1085.83,1088.51,7924329,9601169408.00
2016-02-19,1086.53,1103.08,1084.23,1095.32,7044167,9632008192.00
2016-02-22,1110.45,1117.29,1102.04,1117.24,8575611,11519848448.00
2016-02-23,1119.88,1125.26,1095.31,1110.27,9726050,13593857024.00
2016-02-24,1106.45,1114.60,1084.55,1111.45,8547825,11824299008.00
2016-02-25,1108.04,1108.04,1015.85,1019.47,9500027,11543357440.00
2016-02-26,1022.80,1031.20,990.27,1015.14,7921624,9782893568.00
2016-02-29,1010.90,1010.90,939.63,956.86,7653584,8658332672.00
2016-03-01,956.50,983.65,933.41,976.74,7570081,8738823168.00
2016-03-02,975.45,1027.41,973.37,1023.52,9371773,11201244160.00
2016-03-03,1022.26,1039.78,1015.63,1016.07,8962471,10881274880.00
2016-03-04,1013.43,1017.22,966.98,983.55,8536465,9743446016.00
2016-03-07,990.20,1016.89,990.20,1006.25,6583028,7499681792.00
2016-03-08,1006.01,1010.99,959.73,1010.92,7369178,8377129984.00
2016-03-09,990.10,1004.81,978.57,991.76,5985178,6940582400.00
2016-03-10,992.04,999.79,976.80,979.00,5341580,6151698432.00
2016-03-11,971.34,983.09,964.01,979.29,4515250,4931537920.00
2016-03-14,989.64,1026.25,989.64,1014.13,8041492,9117828096.00
2016-03-15,1012.62,1018.41,1002.47,1009.17,6394763,7188325888.00
2016-03-16,1017.26,1020.49,994.90,1001.68,6231396,6821994496.00
2016-03-17,1003.61,1042.68,1003.61,1039.25,8277512,10028082176.00
2016-03-18,1046.23,1084.75,1045.03,1077.85,11759029,14804685824.00
2016-03-21,1090.12,1108.51,1084.97,1108.51,12355878,15230150656.00
2016-03-22,1103.17,1122.33,1098.11,1111.74,11934803,14745689088.00
2016-03-23,1108.57,1123.95,1104.39,1123.89,9562323,12949885952.00
2016-03-24,1117.47,1129.12,1103.93,1104.84,9890668,14153640960.00
2016-03-25,1101.78,1118.49,1099.57,1117.14,8290784,10900473856.00
2016-03-28,1123.25,1136.77,1105.03,1108.38,9052652,11263981568.00
2016-03-29,1108.42,1111.85,1081.18,1092.77,8824140,10173857792.00
2016-03-30,1102.57,1136.34,1102.57,1136.11,9780469,12313050112.00
2016-03-31,1142.81,1148.13,1131.56,1135.46,10376162,13491720192.00
2016-04-01,1133.10,1135.32,1108.77,1127.31,9207761,10769608704.00
2016-04-05,1129.98,1168.74,1127.74,1165.53,10722771,13047508992.00
2016-04-06,1163.12,1178.53,1157.82,1174.04,11030874,12949332992.00
2016-04-07,1177.01,1180.77,1146.49,1147.02,10348631,11655170048.00
2016-04-08,1137.41,1139.03,1118.74,1136.10,8080010,9658973184.00
2016-04-11,1146.43,1165.79,1146.43,1159.25,8755628,10969206784.00
2016-04-12,1155.33,1158.25,1138.79,1151.27,7235399,8778784768.00
2016-04-13,1159.23,1180.81,1159.23,1167.19,10190042,12327162880.00
2016-04-14,1171.50,1178.20,1162.43,1178.06,7212630,8724899840.00
2016-04-15,1178.39,1184.34,1171.22,1180.42,7420699,9278304256.00
2016-04-18,1177.28,1177.28,1156.40,1165.62,7641403,8975261696.00
2016-04-19,1167.54,1172.58,1155.75,1166.26,6788688,8674223104.00
2016-04-20,1169.31,1172.58,1088.67,1110.54,12057216,13845354496.00
2016-04-21,1105.71,1118.21,1095.75,1097.18,6945206,8140535296.00
2016-04-22,1094.79,1112.59,1087.59,1112.53,5824351,6617084928.00
2016-04-25,1109.62,1111.60,1094.09,1106.07,5218586,5816829952.00
2016-04-26,1103.49,1117.91,1101.45,1117.87,5303584,6285867520.00
2016-04-27,1118.77,1127.56,1114.59,1116.36,5978469,7057405952.00
2016-04-28,1116.57,1121.86,1097.44,1117.78,5822600,6943931904.00
2016-04-29,1113.68,1122.15,1110.80,1116.61,4044093,5086170624.00
2016-05-03,1117.77,1146.92,1112.20,1146.78,5474199,7671569920.00
2016-05-04,1146.53,1170.79,1144.97,1161.94,8507206,10091738112.00
2016-05-05,1164.11,1168.15,1155.29,1164.51,11412558,10017320960.00
2016-05-06,1164.52,1167.30,1122.07,1122.07,10899983,11766807552.00
2016-05-09,1111.49,1111.64,1080.17,1085.80,7382551,7819238912.00
2016-05-10,1077.15,1085.09,1071.33,1075.54,4085124,4910356992.00
2016-05-11,1077.23,1080.35,1062.48,1062.48,4521552,5595023360.00
2016-05-12,1046.41,1063.37,1030.77,1063.35,6057043,7383801344.00
2016-05-13,1060.48,1073.41,1056.97,1063.68,5249658,6340246528.00
2016-05-16,1058.27,1082.83,1056.27,1082.54,6152347,6892752384.00
2016-05-17,1084.60,1089.31,1074.35,1075.29,5970295,7585900032.00
2016-05-18,1064.11,1064.11,1032.35,1045.03,5802201,6370820608.00
2016-05-19,1044.32,1068.69,1044.32,1052.66,5018778,6292026368.00
2016-05-20,1043.45,1066.08,1038.89,1066.08,5758646,6766363648.00
2016-05-23,1070.35,1091.19,1070.35,1089.92,7371064,8838323200.00
2016-05-24,1089.92,1096.16,1075.40,1085.92,7275331,8588142080.00
2016-05-25,1091.41,1098.89,1075.63,1082.43,5809914,7428621312.00
2016-05-26,1079.87,1086.43,1051.80,1082.37,6727091,7849156608.00
2016-05-27,1084.82,1110.21,1084.82,1099.34,8440068,10943778816.00
2016-05-30,1091.62,1122.34,1086.75,1111.12,10105532,12138497024.00
2016-05-31,1108.39,1150.59,1107.74,1150.35,12573564,15567908864.00
2016-06-01,1152.19,1172.12,1149.16,1161.02,13421388,17074914304.00
2016-06-02,1161.26,1186.86,1159.84,1186.67,12297206,16300582912.00
2016-06-03,1184.76,1189.18,1174.86,1179.03,10542360,13863603200.00
2016-06-06,1183.92,1189.51,1173.05,1184.09,9691968,11885340672.00
2016-06-07,1182.85,1188.31,1175.54,1187.67,8823926,11035461632.00
2016-06-08,1183.68,1185.63,1166.98,1178.85,7457479,9743960064.00
2016-06-13,1161.09,1175.18,1122.10,1122.16,9097853,11817740288.00
2016-06-14,1115.64,1130.26,1111.73,1130.21,6760854,8779623424.00
2016-06-15,1120.74,1180.24,1118.29,1173.44,9912097,12780900352.00
2016-06-16,1173.03,1193.18,1172.71,1182.21,11199878,14403164160.00
2016-06-17,1183.95,1193.74,1174.10,1187.43,9967972,12453570560.00
2016-06-20,1188.96,1214.11,1173.28,1212.13,10562515,14079687680.00
2016-06-21,1220.12,1229.13,1185.06,1194.63,10286818,14468963328.00
2016-06-22,1193.92,1221.05,1189.98,1220.78,8815653,12234762240.00
2016-06-23,1220.57,1225.72,1201.03,1209.98,9955299,13826037760.00
2016-06-24,1208.34,1234.49,1168.84,1217.88,14007297,18290649088.00
2016-06-27,1212.51,1258.46,1212.13,1258.46,12220402,17452826624.00
2016-06-28,1250.14,1266.37,1249.50,1263.95,12950096,17829576704.00
2016-06-29,1266.22,1267.84,1247.67,1252.40,9843985,13445400576.00
2016-06-30,1254.43,1263.79,1247.44,1256.43,11706909,14740153344.00
2016-07-01,1254.81,1258.75,1232.71,1238.30,9603843,12226849792.00
2016-07-04,1232.80,1262.60,1230.14,1259.03,9861829,12849195008.00
2016-07-05,1258.48,1264.51,1247.05,1262.23,10471383,13995142144.00
2016-07-06,1257.83,1259.85,1249.94,1256.41,8329963,10999077888.00
2016-07-07,1254.44,1269.84,1243.39,1265.22,10645238,15168660480.00
2016-07-08,1260.26,1265.51,1252.39,1254.21,8109682,11484635136.00
2016-07-11,1256.05,1262.09,1242.42,1243.99,8785456,12231566336.00
2016-07-12,1242.40,1247.61,1217.59,1245.63,9222790,11932058624.00
2016-07-13,1250.04,1262.04,1244.12,1261.12,9122392,11172215808.00
2016-07-14,1257.76,1258.49,1246.14,1253.80,8123647,11262715904.00
2016-07-15,1254.36,1256.00,1237.88,1242.93,7303853,9911939072.00
2016-07-18,1239.98,1241.81,1225.74,1236.53,6931789,8982896640.00
2016-07-19,1238.96,1251.67,1232.54,1251.50,7356329,9328824320.00
2016-07-20,1250.30,1259.56,1245.93,1251.09,7321460,9607303168.00
2016-07-21,1249.01,1268.91,1247.99,1259.55,9005944,11471087616.00
2016-07-22,1260.14,1270.03,1259.71,1261.94,11480730,12425519104.00
2016-07-25,1260.86,1270.74,1260.30,1265.68,9819133,11700876288.00
2016-07-26,1263.24,1279.00,1263.24,1278.99,9330043,10993446912.00
2016-07-27,1282.56,1286.44,1210.06,1230.33,14203129,17560229888.00
2016-07-28,1225.64,1229.35,1195.76,1215.77,8689674,10585127936.00
2016-07-29,1215.45,1216.56,1195.79,1197.50,6020088,7220824576.00
2016-08-01,1192.79,1192.82,1168.08,1182.43,6332090,7145922048.00
2016-08-02,1180.23,1190.98,1179.78,1190.98,4178426,5051474432.00
2016-08-03,1189.35,1193.17,1184.09,1191.83,4584210,5613210112.00
2016-08-04,1191.77,1209.64,1190.90,1206.03,5556248,6943735296.00
2016-08-05,1202.06,1210.72,1195.67,1195.93,5386422,6450950144.00
2016-08-08,1193.01,1205.66,1182.58,1205.48,4423554,4950854656.00
2016-08-09,1204.64,1217.43,1202.96,1217.43,5799400,6342840320.00
2016-08-10,1215.54,1219.89,1207.40,1208.03,4828315,5609390592.00
2016-08-11,1204.05,1206.72,1185.61,1186.24,5169086,5724956672.00
2016-08-12,1182.90,1192.43,1177.83,1192.26,3868323,4335504896.00
2016-08-15,1192.76,1218.85,1186.83,1215.57,6995775,7725883392.00
2016-08-16,1218.30,1223.26,1217.16,1220.89,6114847,7226700800.00
2016-08-17,1220.50,1229.30,1217.91,1226.93,6032075,7245945344.00
2016-08-18,1228.22,1228.32,1217.50,1221.62,6811925,7527371776.00
2016-08-19,1220.39,1223.49,1216.32,1217.90,5314494,6059233280.00
2016-08-22,1218.52,1221.36,1207.21,1207.43,4975820,5699544576.00
2016-08-23,1206.78,1210.61,1199.41,1207.02,4557699,5000034304.00
2016-08-24,1206.84,1210.30,1199.52,1205.17,4353231,4928308224.00
2016-08-25,1200.98,1203.86,1188.19,1202.19,5196291,6226439168.00
2016-08-26,1204.19,1217.84,1203.92,1207.87,4997510,6480034304.00
2016-08-29,1207.87,1213.61,1205.06,1209.67,4032412,5108964352.00
2016-08-30,1211.43,1216.71,1207.79,1210.89,4087611,5348868096.00
2016-08-31,1211.57,1211.98,1201.98,1210.48,3693767,4657266688.00
2016-09-01,1211.48,1214.00,1203.87,1203.91,3790819,4771615744.00
2016-09-02,1202.60,1204.64,1191.12,1198.79,3862102,4773178880.00
2016-09-05,1202.17,1210.13,1201.53,1204.51,3740250,4686175744.00
2016-09-06,1206.93,1237.19,1200.99,1237.00,8002996,9293081600.00
2016-09-07,1241.73,1253.55,1236.70,1237.65,7742773,9592054784.00
2016-09-08,1235.74,1238.56,1230.75,1238.56,5370445,6927698944.00
2016-09-09,1239.17,1242.21,1230.42,1230.62,5394338,7026501632.00
2016-09-12,1212.99,1214.14,1197.39,1199.45,6388579,8262361088.00
2016-09-13,1204.82,1215.16,1204.39,1214.88,5760866,10523721728.00
2016-09-14,1209.55,1217.34,1201.41,1207.00,5200575,8507478016.00
2016-09-19,1210.24,1215.60,1210.24,1215.21,4215533,5014128640.00
2016-09-20,1215.05,1215.05,1204.42,1207.74,3528522,4376638464.00
2016-09-21,1208.45,1214.63,1206.60,1209.89,4244849,5407048704.00
2016-09-22,1216.71,1221.30,1214.34,1217.33,4624568,5966385664.00
2016-09-23,1221.32,1224.98,1207.11,1207.45,5004992,7133604352.00
2016-09-26,1205.76,1207.38,1178.65,1179.45,5024239,6447395840.00
2016-09-27,1176.28,1186.36,1168.67,1186.17,3750446,4657781760.00
2016-09-28,1188.40,1194.18,1183.57,1190.19,3911306,4567689216.00
2016-09-29,1192.27,1194.61,1189.27,1189.44,3325046,4305485824.00
2016-09-30,1187.82,1196.92,1187.00,1194.39,3093880,3887686912.00
2016-10-10,1199.56,1218.23,1197.36,1218.19,5149538,6513350144.00
2016-10-11,1219.34,1226.37,1219.20,1225.95,5704109,7257769472.00
2016-10-12,1220.64,1230.10,1219.53,1229.52,5197602,5654554112.00
2016-10-13,1229.68,1233.47,1225.37,1229.21,4884600,5492270080.00
2016-10-14,1228.93,1229.74,1217.26,1226.13,4314619,5473989632.00
2016-10-17,1228.62,1229.99,1211.85,1214.64,4710314,5796291072.00
2016-10-18,1214.77,1230.95,1214.65,1230.95,4696851,5623329280.00
2016-10-19,1232.86,1235.15,1223.68,1226.95,4491200,5196106752.00
2016-10-20,1227.17,1241.93,1226.96,1239.96,7080571,7449309184.00
2016-10-21,1239.54,1240.46,1224.42,1234.00,7201654,7003938304.00
2016-10-24,1235.12,1243.89,1232.16,1242.63,6468923,7784889344.00
2016-10-25,1243.71,1249.29,1243.55,1247.77,5413267,7023781888.00
2016-10-26,1250.67,1252.06,1238.16,1240.88,6164866,9710482432.00
2016-10-27,1239.04,1240.94,1233.46,1238.10,5177903,7552338944.00
2016-10-28,1236.91,1242.25,1227.23,1228.10,5072685,7637175296.00
2016-10-31,1226.19,1227.97,1218.79,1226.73,4379463,6448696320.00
2016-11-01,1227.16,1237.93,1226.89,1236.95,4841828,7120808448.00
2016-11-02,1232.99,1239.57,1230.65,1231.57,5338514,7645798912.00
2016-11-03,1231.85,1244.64,1230.98,1237.84,5236879,7482681856.00
2016-11-04,1239.41,1241.27,1230.41,1232.38,5204505,7012157952.00
2016-11-07,1230.94,1235.19,1227.12,1233.53,4672819,6594069504.00
2016-11-08,1237.16,1244.09,1237.07,1239.99,5204179,6742874112.00
2016-11-09,1240.21,1240.21,1214.93,1229.32,6702064,8527304192.00
2016-11-10,1236.67,1242.62,1236.65,1242.43,5719039,7877437440.00
2016-11-11,1242.48,1243.42,1237.67,1243.42,6395159,8437160448.00
2016-11-14,1244.52,1253.52,1239.34,1246.02,7001078,8991942656.00
2016-11-15,1248.64,1256.28,1246.88,1256.08,7323502,9323161600.00
2016-11-16,1256.89,1261.93,1253.08,1258.66,8026273,9784285184.00
2016-11-17,1256.91,1256.91,1247.68,1251.42,7096879,6528144384.00
2016-11-18,1251.41,1254.06,1246.44,1248.28,6115574,6440550400.00
2016-11-21,1250.54,1255.08,1248.66,1253.63,5884172,7251368960.00
2016-11-22,1260.12,1267.28,1256.20,1267.10,6945745,8375271936.00
2016-11-23,1268.99,1269.26,1254.51,1257.75,7650310,8273559552.00
2016-11-24,1256.40,1261.34,1247.98,1250.89,6353365,7395591680.00
2016-11-25,1249.77,1252.53,1230.81,1250.55,5717702,6322196480.00
2016-11-28,1252.71,1253.72,1246.06,1248.05,5479868,6017045504.00
2016-11-29,1247.30,1249.09,1236.78,1236.97,5829317,6611735552.00
2016-11-30,1234.19,1240.22,1229.89,1233.08,4600252,5467661824.00
2016-12-01,1234.17,1238.15,1232.02,1236.78,3842950,4430565888.00
2016-12-02,1235.97,1236.64,1217.18,1217.18,4536413,5368160768.00
2016-12-05,1207.62,1221.72,1205.98,1214.43,3477502,4228859648.00
2016-12-06,1216.64,1220.40,1213.64,1214.57,2844841,3585087744.00
2016-12-07,1214.06,1223.10,1211.08,1222.99,3415579,4253757696.00
2016-12-08,1224.05,1224.05,1214.44,1214.60,2869672,3637388288.00
2016-12-09,1214.54,1215.67,1208.05,1209.31,2890281,3466523136.00
2016-12-12,1212.87,1214.12,1157.04,1158.62,6110546,6887113216.00
2016-12-13,1156.16,1163.42,1148.99,1160.02,3597328,3884664832.00
2016-12-14,1160.54,1164.19,1148.87,1153.49,3773265,4058933760.00
2016-12-15,1149.81,1172.46,1148.27,1166.03,4008645,4650802176.00
2016-12-16,1168.59,1181.31,1167.61,1178.90,3222264,4161698304.00
2016-12-19,1177.22,1178.29,1173.05,1174.49,2523946,3055869184.00
2016-12-20,1177.70,1180.21,1173.80,1178.30,3414555,5310505472.00
2016-12-21,1179.57,1185.34,1179.23,1182.79,3048639,4024832256.00
2016-12-22,1184.90,1186.06,1179.79,1183.92,2686900,3164404480.00
2016-12-23,1186.44,1187.64,1177.61,1180.45,3832199,4181086720.00
2016-12-26,1178.01,1183.70,1166.18,1182.29,3937402,4461819904.00
2016-12-27,1183.30,1184.94,1177.36,1179.35,3630197,4326568448.00
2016-12-28,1182.67,1185.63,1179.57,1181.94,3615625,4059930624.00
2016-12-29,1179.52,1184.02,1176.22,1177.05,3401954,3755252224.00
2016-12-30,1177.06,1186.72,1177.06,1185.59,2955917,3210804736.00
2017-01-03,1187.44,1200.46,1187.25,1199.91,3167683,3892447232.00
2017-01-04,1200.86,1208.02,1198.29,1207.53,4004045,4893413376.00
2017-01-05,1208.79,1214.33,1207.37,1211.90,4594399,5222786048.00
2017-01-06,1213.03,1213.35,1197.53,1197.53,4484933,4903161856.00
2017-01-09,1195.56,1206.83,1195.56,1204.02,3989682,4514932224.00
2017-01-10,1204.06,1208.63,1201.98,1203.10,3872482,4103703296.00
2017-01-11,1203.83,1203.83,1184.73,1185.03,3913371,4810226176.00
2017-01-12,1185.97,1189.07,1175.84,1176.49,3338797,3842248192.00
2017-01-13,1178.44,1181.24,1165.47,1167.28,4164906,4434800128.00
2017-01-16,1163.95,1166.72,1111.20,1139.14,5872829,6011368960.00
2017-01-17,1135.97,1153.70,1130.70,1153.35,3981623,4414187008.00
2017-01-18,1151.67,1155.24,1146.77,1147.79,3362585,3672600320.00
2017-01-19,1146.60,1156.97,1140.69,1152.71,3249804,3575356160.00
2017-01-20,1151.92,1167.52,1151.44,1163.37,3216735,3600858624.00
2017-01-23,1163.86,1173.30,1163.86,1169.01,2830112,3201230336.00
2017-01-24,1169.27,1171.65,1161.98,1162.55,2524837,2747564032.00
2017-01-25,1160.59,1172.59,1159.65,1172.00,2379966,2826919680.00
2017-01-26,1172.61,1180.78,1172.32,1179.50,2728746,2738159872.00
2017-02-03,1180.34,1180.99,1169.16,1172.72,2167789,2444524032.00
2017-02-06,1171.58,1183.95,1171.58,1182.56,2539675,3133937408.00
2017-02-07,1181.46,1187.17,1175.81,1179.79,2950449,3574927360.00
2017-02-08,1179.56,1186.13,1171.55,1185.79,3362212,3752900608.00
2017-02-09,1184.94,1194.64,1184.90,1193.52,4219611,4437917184.00
2017-02-10,1193.10,1193.58,1187.41,1190.06,4177331,4288109056.00
2017-02-13,1187.70,1195.45,1187.39,1194.52,3398437,3851185152.00
2017-02-14,1194.88,1196.54,1190.02,1192.41,2953343,3372917504.00
2017-02-15,1191.82,1197.14,1179.44,1181.52,3705366,4466868736.00
2017-02-16,1182.05,1192.67,1180.72,1190.08,4458395,4327451648.00
2017-02-17,1190.00,1191.64,1179.74,1181.67,4125098,4085696000.00
2017-02-20,1183.37,1198.54,1183.37,1198.45,4154260,4451291648.00
2017-02-21,1199.38,1206.50,1196.10,1206.50,4160027,4676729856.00
2017-02-22,1207.68,1208.12,1200.21,1207.40,4728836,5005574144.00
2017-02-23,1206.64,1208.73,1201.02,1208.09,7028085,5398362112.00
2017-02-24,1205.50,1212.31,1203.23,1210.30,5239256,5057425408.00
2017-02-27,1210.79,1212.43,1202.53,1204.28,4371212,4551134720.00
2017-02-28,1203.11,1210.64,1202.83,1209.41,3584064,3942819328.00
2017-03-01,1207.80,1208.67,1203.81,1205.66,3814297,4445367296.00
2017-03-02,1208.61,1210.68,1203.46,1205.17,3807280,4763719680.00
2017-03-03,1204.97,1219.76,1199.85,1218.83,4139291,5538659328.00
2017-03-06,1221.52,1231.67,1221.52,1230.58,4924401,6441882624.00
2017-03-07,1233.39,1238.88,1230.74,1238.88,4594714,6129876480.00
2017-03-08,1238.87,1238.87,1228.32,1230.48,3691628,4560201728.00
2017-03-09,1227.18,1228.94,1219.57,1228.12,4093077,6764173312.00
2017-03-10,1229.21,1238.23,1228.96,1235.30,2023236,4055337984.00
2017-03-13,1233.88,1248.00,1228.25,1248.00,4414828,7645458944.00
2017-03-14,1249.74,1257.98,1244.93,1249.48,4145076,6827588608.00
2017-03-15,1249.15,1251.65,1244.63,1250.23,3424436,6697761280.00
2017-03-16,1251.52,1265.19,1251.39,1265.09,4711520,9705693184.00
2017-03-17,1267.71,1271.62,1255.89,1256.10,5788056,10450122752.00
2017-03-20,1254.59,1261.40,1251.21,1261.38,4388063,6948732416.00
2017-03-21,1263.60,1270.07,1262.26,1268.54,3962397,6992793088.00
2017-03-22,1263.92,1271.29,1260.19,1270.00,5104648,8588083200.00
2017-03-23,1271.84,1273.54,1255.64,1270.58,5311618,8772288512.00
2017-03-24,1270.65,1283.28,1269.46,1277.72,5008649,7842401280.00
2017-03-27,1281.82,1287.26,1269.59,1270.98,4187418,6563108352.00
2017-03-28,1272.92,1281.14,1270.69,1274.02,4315070,6790734848.00
2017-03-29,1276.81,1277.99,1265.75,1266.03,5221734,7673370624.00
2017-03-30,1266.04,1266.74,1241.01,1249.19,5458281,10161901568.00
2017-03-31,1250.94,1253.20,1242.11,1250.49,3785787,6794854400.00
2017-04-05,1251.21,1265.47,1251.21,1264.93,4765542,7462259200.00
2017-04-06,1263.89,1276.63,1262.79,1275.70,4287677,6810356224.00
2017-04-07,1273.88,1278.33,1270.28,1272.78,3872469,6327423488.00
2017-04-10,1272.02,1272.03,1250.07,1251.75,5022738,7572593664.00
2017-04-11,1250.04,1255.43,1229.78,1252.94,5191560,7425426432.00
2017-04-12,1247.20,1247.20,1234.72,1236.51,3937943,6042568192.00
2017-04-13,1240.60,1248.87,1240.60,1241.89,5190276,5630453248.00
2017-04-14,1240.02,1240.56,1218.48,1220.78,4042645,4952966144.00
2017-04-17,1212.28,1216.57,1202.80,1209.95,3365362,4614373888.00
2017-04-18,1210.81,1215.82,1204.62,1205.38,3208050,4264694784.00
2017-04-19,1201.02,1203.09,1185.39,1201.31,4098903,4900831232.00
2017-04-20,1201.25,1208.26,1194.84,1202.45,3412974,4705054720.00
2017-04-21,1202.91,1206.18,1190.63,1193.11,2793109,3811287552.00
2017-04-24,1189.77,1189.77,1162.81,1172.10,3719101,4731774976.00
2017-04-25,1170.52,1186.90,1170.52,1180.93,3091172,4608900096.00
2017-04-26,1182.56,1198.47,1182.56,1195.38,3648905,5299615232.00
2017-04-27,1192.94,1206.48,1178.34,1204.04,4658975,6023511552.00
2017-04-28,1199.86,1208.55,1198.08,1203.96,3903679,4919961600.00
2017-05-02,1200.72,1204.58,1195.27,1199.80,2863669,4328470016.00
2017-05-03,1197.35,1201.71,1191.38,1199.31,2917323,4749323776.00
2017-05-04,1195.03,1201.48,1187.63,1194.84,2907542,4593681408.00
2017-05-05,1190.72,1192.08,1180.73,1181.08,3238640,4718019072.00
2017-05-08,1176.55,1181.71,1158.43,1159.41,3290931,4595244544.00
2017-05-09,1150.33,1170.03,1150.16,1170.03,3107608,4496961024.00
2017-05-10,1168.30,1178.65,1153.99,1153.99,6407804,6421151744.00
2017-05-11,1147.97,1150.83,1122.24,1146.41,6423654,6671516672.00
2017-05-12,1144.51,1152.50,1140.22,1149.02,4093631,5049884160.00
2017-05-15,1153.50,1157.35,1151.14,1154.12,3874723,4264198400.00
2017-05-16,1153.75,1172.63,1142.08,1172.52,4874868,6037584896.00
2017-05-17,1169.71,1184.93,1169.31,1172.10,5449667,6049144832.00
2017-05-18,1165.26,1178.62,1160.90,1168.61,3709588,4324038144.00
2017-05-19,1171.42,1173.78,1163.37,1165.96,3988200,4833967104.00
2017-05-22,1166.31,1173.34,1149.37,1154.67,4474514,5300546560.00
2017-05-23,1151.95,1161.36,1132.61,1133.34,4458857,5592732160.00
2017-05-24,1127.45,1138.03,1111.11,1137.49,3822749,4448679936.00
2017-05-25,1135.14,1146.49,1122.66,1141.71,3815359,4600329216.00
2017-05-26,1142.64,1147.64,1129.94,1135.36,3918171,4712128512.00
2017-05-31,1147.00,1149.12,1132.76,1133.15,3867380,4695985152.00
2017-06-01,1130.41,1137.12,1123.32,1124.81,4669856,5111814656.00
2017-06-02,1118.80,1133.95,1111.44,1130.98,4640010,4827444224.00
2017-06-05,1132.58,1145.28,1130.82,1144.35,3421121,3996368896.00
2017-06-06,1145.47,1152.45,1143.21,1151.91,3605502,4025663488.00
2017-06-07,1151.72,1175.85,1151.72,1173.80,4902948,6031354880.00
2017-06-08,1172.01,1181.73,1170.71,1179.46,4275664,5082217472.00
2017-06-09,1176.38,1184.58,1170.76,1183.37,3644725,4384242176.00
2017-06-12,1177.82,1177.84,1161.21,1163.37,3561954,4293766144.00
2017-06-13,1161.03,1171.21,1160.50,1169.24,3728859,4639113216.00
2017-06-14,1167.32,1169.02,1159.29,1161.07,3482707,4326149632.00
2017-06-15,1159.77,1174.40,1158.87,1173.34,4934274,6225261056.00
2017-06-16,1172.35,1176.89,1168.86,1171.43,3853737,4467599360.00
2017-06-19,1173.05,1179.46,1173.05,1179.14,3136970,3847316224.00
2017-06-20,1183.47,1187.06,1177.54,1180.00,3893228,4755768832.00
2017-06-21,1181.83,1191.01,1175.64,1191.01,3857768,4496636416.00
2017-06-22,1188.56,1193.60,1169.21,1169.45,4459666,5099699200.00
2017-06-23,1166.90,1175.76,1153.94,1175.55,3878868,4430741504.00
2017-06-26,1176.76,1197.57,1175.67,1197.57,4258792,5297502208.00
2017-06-27,1199.17,1202.77,1192.21,1196.59,4062268,4406993408.00
2017-06-28,1193.73,1194.30,1182.64,1185.94,3207196,3672996864.00
2017-06-29,1186.53,1199.70,1186.53,1192.92,3164174,3884581632.00
2017-06-30,1189.27,1194.61,1183.57,1194.61,3493538,3980497408.00
2017-07-03,1194.43,1194.43,1181.28,1191.84,4371007,5677858304.00
2017-07-04,1193.18,1194.93,1187.30,1193.14,3712754,4456605696.00
2017-07-05,1191.81,1199.77,1189.58,1199.54,3884990,4717930496.00
2017-07-06,1199.51,1212.43,1197.56,1211.19,5562881,6626438144.00
2017-07-07,1207.03,1216.77,1206.34,1215.58,4762340,6273637888.00
2017-07-10,1215.86,1216.07,1200.72,1208.59,6103381,7304855552.00
2017-07-11,1204.36,1205.11,1192.78,1194.56,4762907,5630434816.00
2017-07-12,1191.81,1196.77,1178.76,1194.30,4425634,4987599360.00
2017-07-13,1178.75,1189.08,1169.07,1175.83,4605032,6061397504.00
2017-07-14,1174.19,1178.95,1166.65,1177.74,3998609,4787905536.00
2017-07-17,1172.21,1172.21,1130.14,1139.91,6008314,6098232320.00
2017-07-18,1136.99,1145.36,1127.45,1141.12,3867295,4527826432.00
2017-07-19,1139.37,1161.28,1137.15,1160.60,4316323,5317978624.00
2017-07-20,1168.70,1187.71,1168.38,1178.23,4755476,6333975040.00
2017-07-21,1178.81,1184.07,1175.36,1177.49,3558625,4691998208.00
2017-07-24,1174.65,1181.81,1170.07,1178.83,3848899,5118503424.00
2017-07-25,1178.62,1183.83,1170.22,1176.32,4485465,4452612096.00
2017-07-26,1175.30,1175.35,1162.85,1173.84,5056938,5519440384.00
2017-07-27,1171.27,1190.57,1162.99,1189.10,6014267,7339012608.00
2017-07-28,1184.78,1199.74,1184.04,1197.79,4667150,6294145536.00
2017-07-31,1198.61,1208.36,1196.15,1206.60,5071537,6339771392.00
2017-08-01,1207.62,1209.17,1198.03,1209.07,4640059,5772747776.00
2017-08-02,1208.26,1212.03,1192.72,1194.08,5124366,5857814528.00
2017-08-03,1190.89,1200.90,1188.09,1195.06,4930962,6040037888.00
2017-08-04,1189.60,1193.26,1182.25,1182.25,4283128,5229745152.00
2017-08-07,1180.27,1194.32,1177.46,1191.10,3913936,4040549120.00
2017-08-08,1192.05,1194.32,1184.89,1188.75,4499323,4790338048.00
2017-08-09,1186.32,1199.69,1183.31,1194.52,3650911,4198152192.00
2017-08-10,1192.31,1203.79,1185.74,1196.28,5530414,6037807104.00
2017-08-11,1190.32,1207.90,1187.85,1191.37,6113344,6099689984.00
2017-08-14,1192.89,1213.11,1192.89,1211.56,4456449,5943021056.00
2017-08-15,1215.05,1223.57,1214.44,1223.57,4748445,5670833152.00
2017-08-16,1225.94,1230.14,1221.17,1223.63,5798252,7204470272.00
2017-08-17,1222.71,1234.81,1218.78,1231.70,6244274,7877583360.00
2017-08-18,1225.62,1233.53,1223.01,1232.94,5009794,6641553408.00
2017-08-21,1229.31,1236.41,1228.94,1233.26,4166965,5703356928.00
2017-08-22,1231.82,1232.88,1223.70,1224.56,4201590,5647269888.00
2017-08-23,1223.84,1231.01,1219.81,1227.70,3471816,4758810112.00
2017-08-24,1227.81,1233.87,1218.51,1222.36,3526612,4946615808.00
2017-08-25,1219.93,1230.27,1219.93,1229.97,3820213,5133747712.00
2017-08-28,1232.80,1251.54,1232.80,1246.88,5496179,7660550144.00
2017-08-29,1250.19,1252.64,1242.32,1243.63,4729968,6404030976.00
2017-08-30,1244.36,1249.32,1240.52,1245.00,6112194,6328498176.00
2017-08-31,1245.25,1248.89,1234.74,1248.45,5112878,6424790528.00
2017-09-01,1250.24,1253.90,1241.76,1252.44,5502340,7764364800.00
2017-09-04,1252.71,1284.29,1250.30,1284.22,8558913,11102563328.00
2017-09-05,1286.03,1295.95,1283.06,1294.31,8771658,11421342720.00
2017-09-06,1293.18,1302.06,1290.29,1301.21,8710777,12530971648.00
2017-09-07,1308.08,1317.43,1306.23,1306.69,9025034,13738147840.00
2017-09-08,1305.34,1315.26,1301.62,1307.48,7807761,10414372864.00
2017-09-11,1303.98,1335.99,1303.98,1335.99,7789646,10897096704.00
2017-09-12,1336.74,1352.32,1336.69,1341.58,9622262,14073339904.00
2017-09-13,1340.98,1360.45,1339.57,1360.06,7487622,10357772288.00
2017-09-14,1362.96,1371.15,1347.40,1353.16,7803715,11081854976.00
2017-09-15,1351.46,1354.95,1340.16,1344.96,6097977,9067387904.00
2017-09-18,1346.64,1378.56,1346.16,1376.93,7386785,11834443776.00
2017-09-19,1378.97,1392.38,1371.81,1381.48,9672581,13941687296.00
2017-09-20,1376.68,1416.68,1375.13,1408.13,13901635,18548058112.00
2017-09-21,1412.93,1430.24,1398.91,1404.77,16344605,20620183552.00
2017-09-22,1394.39,1400.21,1386.45,1396.88,11272343,14666520576.00
2017-09-25,1396.23,1401.65,1380.31,1382.31,9278139,12849039360.00
2017-09-26,1376.52,1382.82,1366.00,1382.82,7663935,10544838656.00
2017-09-27,1382.06,1397.51,1380.15,1392.85,7110883,10131251200.00
2017-09-28,1388.69,1428.74,1387.09,1418.91,9595208,13976314880.00
2017-09-29,1418.45,1436.02,1414.54,1435.92,9014093,12665194496.00
2017-10-09,1456.67,1472.92,1450.96,1462.35,11410726,16548235264.00
2017-10-10,1464.74,1465.95,1427.09,1449.51,10452859,16684118016.00
2017-10-11,1442.49,1445.25,1424.78,1428.30,9940107,14196829184.00
2017-10-12,1429.21,1436.60,1422.92,1431.81,6632240,10245898240.00
2017-10-13,1428.91,1437.51,1423.35,1435.96,6685843,9988129792.00
2017-10-16,1435.10,1438.11,1414.82,1417.74,6903742,10192374784.00
2017-10-17,1417.69,1431.61,1411.15,1424.25,5272021,7880979456.00
2017-10-18,1424.46,1445.53,1423.99,1429.23,6662024,9430828032.00
2017-10-19,1423.95,1424.23,1406.59,1414.15,6034730,8104556544.00
2017-10-20,1409.36,1427.05,1409.27,1426.42,4235648,6498649600.00
2017-10-23,1427.08,1438.13,1423.91,1431.75,4449733,6646084608.00
2017-10-24,1430.50,1430.52,1413.96,1426.19,4857122,7258628608.00
2017-10-25,1423.69,1447.31,1421.52,1446.27,4738362,7361874944.00
2017-10-26,1446.93,1476.79,1445.38,1466.25,6501456,10552249344.00
2017-10-27,1465.43,1469.22,1455.25,1465.04,5215268,8458313728.00
2017-10-30,1472.54,1484.10,1444.43,1464.25,7586221,11762569216.00
2017-10-31,1471.14,1482.38,1456.68,1482.02,5781674,10555674624.00
2017-11-01,1479.07,1507.89,1475.40,1490.09,8043022,13573478400.00
2017-11-02,1486.57,1492.26,1474.99,1483.51,7437923,12279052288.00
2017-11-03,1478.82,1510.50,1475.47,1502.29,9356868,14554447872.00
2017-11-06,1512.50,1561.17,1512.50,1560.24,11313214,18953082880.00
2017-11-07,1558.76,1571.54,1549.38,1571.38,10645118,17132242944.00
2017-11-08,1568.78,1571.99,1556.11,1558.07,9051562,14909595648.00
2017-11-09,1552.70,1592.44,1550.88,1592.28,9143261,15762958336.00
2017-11-10,1588.18,1642.30,1587.89,1635.82,13921379,22589417472.00
2017-11-13,1644.27,1671.52,1638.73,1668.77,14391039,22890186752.00
2017-11-14,1668.19,1671.29,1603.62,1611.04,12896765,22827374592.00
2017-11-15,1599.11,1618.89,1569.03,1591.62,10629875,18500954112.00
2017-11-16,1589.03,1607.76,1567.32,1606.65,8595992,15600005120.00
2017-11-17,1598.36,1604.73,1529.27,1529.89,10970377,17674475520.00
2017-11-20,1514.79,1581.75,1498.59,1580.83,10764193,16644573184.00
2017-11-21,1573.73,1590.95,1559.01,1589.43,10745184,18673631232.00
2017-11-22,1591.23,1623.17,1562.51,1593.41,12650123,21313497088.00
2017-11-23,1586.35,1586.35,1524.62,1524.62,12527491,20405534720.00
2017-11-24,1504.16,1531.63,1497.10,1503.25,11734128,18459803648.00
2017-11-27,1495.65,1496.25,1458.54,1461.42,9975871,14681645056.00
2017-11-28,1459.38,1514.69,1459.38,1514.69,9674666,14476422144.00
2017-11-29,1517.15,1518.08,1481.66,1505.01,10166055,15742114816.00
2017-11-30,1504.29,1517.96,1479.00,1483.99,10155649,15741883392.00
2017-12-01,1486.80,1550.49,1486.80,1542.78,17367315,23584411648.00
2017-12-04,1538.90,1555.63,1519.84,1540.43,13768449,19672428544.00
2017-12-05,1535.96,1547.55,1488.42,1507.83,13831471,17794865152.00
2017-12-06,1510.02,1555.03,1495.20,1555.03,17945367,24851970048.00
2017-12-07,1544.06,1562.12,1536.99,1537.66,15889765,23203137536.00
2017-12-08,1528.12,1568.38,1525.51,1559.36,16168049,24110391296.00
2017-12-11,1557.46,1602.04,1552.60,1602.04,15233512,21931468800.00
2017-12-12,1597.86,1624.26,1590.99,1591.07,16679306,23875606528.00
2017-12-13,1584.94,1631.33,1584.94,1631.33,16534220,23386712064.00
2017-12-14,1627.45,1635.29,1600.52,1632.17,16432941,23650244608.00
2017-12-15,1621.12,1629.44,1582.03,1599.06,16109160,23575857152.00
2017-12-18,1598.60,1598.65,1555.62,1561.70,12235793,17445365760.00
2017-12-19,1562.01,1579.11,1561.10,1576.91,11140274,15918740480.00
2017-12-20,1570.30,1594.22,1553.11,1567.73,13486288,18151444480.00
2017-12-21,1561.19,1611.54,1558.61,1603.91,14725981,21284923392.00
2017-12-22,1592.36,1615.50,1592.36,1597.40,14766875,21248620544.00
2017-12-25,1597.48,1597.61,1560.69,1566.50,11559456,16245050368.00
2017-12-26,1561.37,1571.90,1536.66,1570.13,11031020,15958840320.00
2017-12-27,1561.17,1563.04,1516.98,1519.06,10676985,15934040064.00
2017-12-28,1511.25,1528.05,1503.10,1507.70,9774597,14246806528.00
2017-12-29,1509.19,1540.82,1509.19,1536.98,10722352,15965586432.00
2018-01-02,1545.44,1549.61,1516.52,1548.45,9848560,15250808832.00
2018-01-03,1540.79,1576.94,1538.78,1569.39,10944859,16060818432.00
2018-01-04,1564.16,1599.72,1562.31,1584.54,13322556,19368833024.00
2018-01-05,1581.42,1582.63,1562.57,1567.69,10459324,15053996032.00
2018-01-08,1557.25,1557.39,1525.50,1544.01,11095771,15749390336.00
2018-01-09,1544.19,1544.19,1529.11,1543.78,8389102,11611872256.00
2018-01-10,1540.68,1551.83,1512.42,1532.39,9549432,13464588288.00
2018-01-11,1520.10,1542.21,1509.59,1531.18,8747257,12768059392.00
2018-01-12,1527.03,1531.09,1504.45,1505.84,8657787,12308007936.00
2018-01-15,1498.36,1498.62,1418.61,1425.67,11654873,15818397696.00
2018-01-16,1423.78,1436.77,1394.47,1409.51,8216510,12068242432.00
2018-01-17,1408.45,1436.59,1365.03,1429.56,10722035,15630757888.00
2018-01-18,1430.01,1437.19,1421.73,1424.09,6990703,9914398720.00
2018-01-19,1429.34,1451.74,1422.12,1429.14,6738443,9981071360.00
2018-01-22,1428.28,1459.46,1418.81,1457.48,7332722,11027335168.00
2018-01-23,1455.28,1475.84,1454.99,1471.14,6166542,9500841984.00
2018-01-24,1470.21,1508.02,1458.17,1501.78,9025487,13732239360.00
2018-01-25,1494.87,1508.00,1481.53,1483.00,7615524,11805812736.00
2018-01-26,1485.74,1497.34,1479.52,1481.08,5933430,9374005248.00
2018-01-29,1477.60,1480.28,1424.36,1428.76,7655298,11087990784.00
2018-01-30,1425.51,1447.50,1424.08,1436.39,4701075,7038536192.00
2018-01-31,1427.01,1431.16,1396.53,1403.49,7587206,9455797248.00
2018-02-01,1399.75,1407.28,1347.37,1353.49,7561988,9725600768.00
2018-02-02,1339.19,1372.14,1319.68,1361.04,5366126,6987100672.00
2018-02-05,1331.11,1335.37,1314.61,1316.00,5218900,8064425984.00
2018-02-06,1294.13,1305.33,1252.48,1252.48,6701059,8979368960.00
2018-02-07,1283.27,1288.52,1224.42,1266.15,6572571,9049634816.00
2018-02-08,1261.13,1299.95,1260.68,1295.55,5863630,8524656640.00
2018-02-09,1259.40,1303.68,1257.87,1279.23,6445442,8973279232.00
2018-02-12,1287.01,1334.85,1287.01,1330.37,7178843,9293235200.00
2018-02-13,1339.22,1341.45,1316.61,1319.39,5866338,7660944384.00
2018-02-14,1319.26,1321.98,1309.34,1317.81,3712839,4855383040.00
2018-02-22,1327.22,1350.89,1323.91,1347.72,5028139,6748396544.00
2018-02-23,1342.49,1348.98,1315.79,1338.15,4756707,6825618944.00
2018-02-26,1343.07,1407.36,1341.05,1402.54,9883852,14183033856.00
2018-02-27,1413.90,1437.92,1409.40,1420.02,9491754,14273112064.00
2018-02-28,1408.38,1445.85,1400.98,1429.05,8630990,12333321216.00
2018-03-01,1416.77,1469.04,1413.73,1464.43,9818750,13733490688.00
2018-03-02,1445.43,1466.03,1428.91,1432.00,8121179,13654679552.00
2018-03-05,1433.29,1460.89,1431.54,1460.89,7209487,12583636992.00
2018-03-06,1462.07,1502.03,1461.33,1480.82,9196098,15645931520.00
2018-03-07,1476.64,1496.03,1473.48,1478.84,8196540,13816847360.00
2018-03-08,1473.85,1483.95,1461.64,1471.17,6297722,10705274880.00
2018-03-09,1471.73,1516.96,1471.29,1514.16,9965024,16394386432.00
2018-03-12,1524.55,1561.11,1524.31,1545.84,10651488,18171557888.00
2018-03-13,1546.49,1551.01,1525.00,1527.03,9402341,15173835776.00
2018-03-14,1518.80,1533.26,1502.53,1504.05,7518025,12574299136.00
2018-03-15,1498.45,1516.65,1488.00,1512.82,7257178,11947569152.00
2018-03-16,1509.83,1515.48,1480.07,1480.07,5426385,9533393920.00
2018-03-19,1473.58,1510.75,1472.16,1494.19,5738945,10333795328.00
2018-03-20,1480.77,1500.69,1473.26,1500.69,6075059,9723816960.00
2018-03-21,1510.22,1521.22,1482.96,1485.96,6537853,11374047232.00
2018-03-22,1486.37,1496.72,1460.10,1466.99,5903993,10192310272.00
2018-03-23,1398.45,1431.44,1359.90,1380.23,9898959,15042626560.00
2018-03-26,1358.54,1425.21,1358.38,1424.66,7681365,12226469888.00
2018-03-27,1449.42,1472.92,1438.03,1467.68,8913572,15129676800.00
2018-03-28,1447.53,1468.31,1441.29,1445.79,9224346,13981523968.00
2018-03-29,1452.02,1459.98,1405.46,1426.48,8548323,13749448704.00
2018-03-30,1430.18,1479.13,1428.30,1479.07,11752431,18797631488.00
2018-04-02,1494.15,1534.56,1489.18,1510.52,15024640,24696741888.00
2018-04-03,1488.09,1499.20,1464.10,1495.34,10872544,17878433792.00
2018-04-04,1503.95,1506.96,1454.70,1456.02,10228699,17174379520.00
2018-04-09,1451.52,1470.66,1429.39,1455.16,8737707,13285291008.00
2018-04-10,1450.88,1455.38,1426.72,1447.31,7871188,12895511552.00
2018-04-11,1455.99,1477.37,1453.06,1456.72,7101952,11513819136.00
2018-04-12,1449.45,1462.32,1432.01,1436.55,6641960,11562006528.00
2018-04-13,1444.84,1456.32,1433.23,1447.30,7223440,11505338368.00
2018-04-16,1437.21,1464.80,1429.88,1456.97,8661353,13472072704.00
2018-04-17,1466.59,1482.39,1414.71,1422.75,10041952,16996034560.00
2018-04-18,1438.94,1512.00,1423.74,1502.19,17663951,29031118848.00
2018-04-19,1500.91,1531.44,1494.98,1508.07,15269315,25860005888.00
2018-04-20,1498.77,1517.04,1482.48,1488.64,14598697,24319324160.00
2018-04-23,1492.28,1493.73,1441.30,1465.41,12484507,19955677184.00
2018-04-24,1457.02,1509.51,1449.71,1507.84,11619508,19401777152.00
2018-04-25,1492.04,1500.45,1474.71,1480.17,11051906,18960664576.00
2018-04-26,1469.77,1473.53,1439.48,1439.93,11087682,19237445632.00
2018-04-27,1450.52,1453.03,1407.50,1423.59,9055322,15229386752.00
2018-05-02,1419.76,1428.57,1393.58,1410.32,7358989,12119187456.00
2018-05-03,1407.59,1430.91,1387.61,1430.91,7940537,13340641280.00
2018-05-04,1423.97,1449.77,1420.73,1427.34,7008131,12097060864.00
2018-05-07,1428.15,1448.44,1424.77,1448.22,5867675,10058370048.00
2018-05-08,1450.36,1457.64,1440.60,1452.48,7706257,12401529856.00
2018-05-09,1450.90,1465.38,1444.09,1451.63,6844267,10769587200.00
2018-05-10,1454.36,1456.47,1418.73,1435.18,7369858,11518170112.00
2018-05-11,1436.03,1439.14,1422.63,1424.23,5424642,8789252096.00
2018-05-14,1422.74,1441.06,1415.87,1422.81,6391637,10624479232.00
2018-05-15,1423.11,1444.52,1417.45,1444.11,6044824,9369027584.00
2018-05-16,1437.52,1448.73,1427.56,1431.95,5361974,8649702400.00
2018-05-17,1432.68,1437.96,1405.19,1411.17,4715763,7344663552.00
2018-05-18,1410.55,1412.20,1387.62,1406.10,5491888,7942614528.00
2018-05-21,1414.52,1450.56,1414.52,1448.77,7462342,11346449408.00
2018-05-22,1446.12,1453.67,1441.22,1451.77,6065091,8870914048.00
2018-05-23,1449.73,1455.27,1436.10,1437.67,7615934,11313650688.00
2018-05-24,1439.00,1441.98,1409.99,1410.59,5858784,8996668416.00
2018-05-25,1407.94,1411.37,1373.45,1379.46,6807299,9687731200.00
2018-05-28,1379.18,1380.82,1357.30,1359.08,5336846,7648467456.00
2018-05-29,1359.21,1370.62,1344.20,1345.24,4617902,6467907072.00
2018-05-30,1322.82,1337.75,1309.55,1313.86,6700374,8931653632.00
2018-05-31,1325.99,1333.39,1296.91,1320.27,5433608,7414627840.00
2018-06-01,1314.16,1314.16,1270.17,1284.38,5420251,7642722816.00
2018-06-04,1263.33,1266.70,1248.90,1257.87,5172556,6618046976.00
2018-06-05,1242.81,1278.70,1242.74,1278.31,5785593,8075163136.00
2018-06-06,1268.16,1274.80,1255.72,1266.54,5640516,8547149824.00
2018-06-07,1269.88,1271.44,1251.78,1252.18,4633052,6723662848.00
2018-06-08,1250.44,1258.31,1238.83,1247.89,5006056,7079301120.00
2018-06-11,1242.59,1245.69,1216.93,1223.74,4043092,6036215808.00
2018-06-12,1227.01,1236.34,1209.39,1235.79,4279704,6231188992.00
2018-06-13,1233.17,1247.42,1226.59,1228.42,5408731,7818295296.00
2018-06-14,1223.69,1230.80,1212.97,1218.41,4928761,7409776128.00
2018-06-15,1212.38,1220.18,1190.90,1207.56,5660607,8036956160.00
2018-06-19,1183.52,1201.03,1124.15,1145.32,8366105,10797409280.00
2018-06-20,1136.19,1169.41,1134.26,1161.09,6156704,7722624512.00
2018-06-21,1159.10,1168.12,1110.15,1110.15,6141888,7816650240.00
2018-06-22,1103.47,1130.32,1089.72,1124.97,5625477,6054700032.00
2018-06-25,1136.97,1138.40,1103.18,1104.38,6039971,6172562432.00
2018-06-26,1085.88,1136.75,1079.76,1128.46,6739585,7788973568.00
2018-06-27,1130.95,1147.13,1123.18,1130.94,5502068,6994668544.00
2018-06-28,1128.99,1146.32,1122.57,1124.11,5119983,6179253760.00
2018-06-29,1127.63,1177.69,1126.81,1176.90,7220555,9106732032.00
2018-07-02,1173.77,1181.10,1147.71,1159.45,6572503,8220770816.00
2018-07-03,1156.88,1195.47,1137.16,1189.00,7592660,10124545024.00
2018-07-04,1180.74,1182.30,1151.60,1157.00,6208301,8559174656.00
2018-07-05,1153.58,1166.68,1132.53,1134.25,5387843,7151880704.00
2018-07-06,1131.11,1179.04,1127.30,1152.10,7750016,9807769600.00
2018-07-09,1155.59,1177.55,1154.28,1177.55,6731812,8317775872.00
2018-07-10,1174.80,1180.11,1160.48,1173.91,5773163,7137971200.00
2018-07-11,1148.95,1155.01,1121.36,1140.64,7185027,8384658944.00
2018-07-12,1141.24,1192.83,1141.20,1181.85,7910248,10918209536.00
2018-07-13,1181.10,1188.57,1175.46,1187.52,6246304,9111086080.00
2018-07-16,1190.26,1204.44,1189.62,1195.20,6400597,8635846656.00
2018-07-17,1192.98,1202.77,1181.52,1202.74,6069604,8309148160.00
2018-07-18,1207.20,1218.11,1194.24,1194.85,7002098,9735865344.00
2018-07-19,1193.30,1204.20,1172.98,1184.49,5704335,7419059712.00
2018-07-20,1183.27,1202.91,1171.18,1199.82,6041983,8128742912.00
2018-07-23,1199.66,1224.97,1194.20,1216.06,6557154,9182781440.00
2018-07-24,1216.47,1244.50,1213.17,1238.38,8088747,10605735936.00
2018-07-25,1239.60,1253.80,1229.59,1233.13,7657793,10327304192.00
2018-07-26,1228.74,1234.20,1203.26,1208.78,7006798,8986548224.00
2018-07-27,1207.91,1215.72,1204.29,1205.03,5327507,6018056192.00
2018-07-30,1204.23,1209.28,1170.15,1177.36,5351744,6424743424.00
2018-07-31,1177.03,1181.32,1162.50,1169.92,4138451,5198628352.00
2018-08-01,1172.71,1192.51,1162.51,1162.73,5146587,6806194176.00
2018-08-02,1156.93,1156.93,1108.71,1133.57,5868046,7085546496.00
2018-08-03,1129.55,1133.54,1100.17,1100.18,4386738,5506480128.00
2018-08-06,1087.75,1097.60,1067.13,1072.39,4921783,5530210304.00
2018-08-07,1074.78,1099.10,1057.79,1098.36,4993586,5788871680.00
2018-08-08,1091.52,1097.28,1068.24,1068.70,4521269,4871310336.00
2018-08-09,1063.06,1123.30,1062.12,1112.12,7613687,8397586432.00
2018-08-10,1111.33,1124.63,1105.13,1120.55,5223207,6289805312.00
2018-08-13,1105.38,1136.47,1101.25,1135.89,6044120,7497815552.00
2018-08-14,1131.95,1132.02,1111.99,1118.32,4339072,5394434560.00
2018-08-15,1116.91,1120.47,1083.43,1085.64,5099117,6089737728.00
2018-08-16,1070.25,1099.40,1061.04,1073.94,5004844,5999621120.00
2018-08-17,1086.44,1092.50,1049.40,1053.00,4911383,5841529856.00
2018-08-20,1050.17,1065.71,1034.73,1065.66,4594079,5689901568.00
2018-08-21,1062.96,1067.50,1049.33,1061.75,5088854,6700581888.00
2018-08-22,1060.11,1060.11,1038.78,1039.19,4576660,5530256896.00
2018-08-23,1041.10,1060.52,1040.00,1054.59,5199592,7151710720.00
2018-08-24,1049.86,1057.56,1045.70,1047.75,4483388,6064076800.00
2018-08-27,1051.96,1089.58,1051.96,1084.72,6778227,8417343488.00
2018-08-28,1087.94,1094.45,1080.49,1086.79,6627484,6811171840.00
2018-08-29,1083.75,1085.95,1071.67,1076.24,4363941,4836074496.00
2018-08-30,1076.25,1081.24,1060.99,1062.36,4844127,5932467200.00
2018-08-31,1060.14,1069.75,1048.67,1053.21,4402075,5128849408.00
2018-09-03,1057.02,1061.71,1031.98,1052.21,5776253,6284146176.00
2018-09-04,1049.35,1068.43,1043.23,1064.24,6661190,6852878848.00
2018-09-05,1058.14,1066.03,1043.55,1043.87,5885824,6299474432.00
2018-09-06,1037.64,1056.55,1033.23,1038.61,5053550,5525690368.00
2018-09-07,1038.75,1055.87,1014.38,1026.67,5665551,6679172608.00
2018-09-10,1023.65,1023.65,985.40,985.54,4935631,5625415168.00
2018-09-11,986.71,997.79,979.64,988.61,3889044,4437043712.00
2018-09-12,989.65,999.17,984.12,987.67,3558073,3959209472.00
2018-09-13,1001.57,1006.54,973.01,989.55,4973245,5604161536.00
2018-09-14,991.97,993.89,976.37,976.37,4520912,5672415744.00
2018-09-17,970.11,970.11,953.66,955.30,3726896,4029857280.00
2018-09-18,955.82,972.03,946.91,971.79,4243722,4981498880.00
2018-09-19,968.98,1002.57,962.55,990.62,5909089,7404370432.00
2018-09-20,988.08,996.56,982.88,985.57,5071251,5538931200.00
2018-09-21,986.91,998.91,974.89,998.27,5052269,6006682112.00
2018-09-25,990.76,1002.21,987.29,994.42,3867177,4356118528.00
2018-09-26,996.18,1014.94,991.98,1006.42,5100964,5763636224.00
2018-09-27,1003.50,1004.19,983.86,984.26,4795904,5163319808.00
2018-09-28,987.79,999.96,984.12,999.96,4289835,4962550272.00
2018-10-08,976.87,976.90,954.91,954.91,4691175,5148457472.00
2018-10-09,954.94,963.80,940.66,947.21,3632686,4467017216.00
2018-10-10,949.05,953.46,929.55,943.08,3765227,4281631232.00
2018-10-11,904.70,916.50,866.31,873.60,7039701,6727219200.00
2018-10-12,866.99,876.30,835.30,866.85,6668135,6049246720.00
2018-10-15,872.12,885.70,858.09,858.97,4616291,4539192320.00
2018-10-16,857.20,868.56,829.76,835.67,5040594,4691291136.00
2018-10-17,852.60,857.02,819.50,843.52,6586754,6555766784.00
2018-10-18,836.90,841.55,821.25,823.80,5390951,5033234432.00
2018-10-19,809.46,849.06,806.65,848.48,6214011,6037630976.00
2018-10-22,859.97,905.23,859.16,897.33,8492362,8440690688.00
2018-10-23,893.80,897.50,868.52,873.52,6147347,6069732352.00
2018-10-24,870.83,880.81,860.49,865.18,4917682,4889203200.00
2018-10-25,834.23,855.90,829.74,852.83,5306652,4576975360.00
2018-10-26,862.87,866.75,847.34,851.61,4655000,3954320896.00
2018-10-29,848.67,857.26,841.10,847.45,3941060,3417289728.00
2018-10-30,841.61,854.27,827.62,845.86,5180407,4562250752.00
2018-10-31,845.63,870.68,845.12,866.00,5759680,5183139840.00
2018-11-01,872.87,895.45,870.04,874.73,7360360,7473933312.00
2018-11-02,896.56,924.47,896.42,924.47,9053397,9313865728.00
2018-11-05,936.49,949.08,925.41,939.28,8696322,8425374208.00
2018-11-06,939.23,939.23,913.13,925.50,5878594,6358526464.00
2018-11-07,924.37,936.72,918.62,920.32,6228346,6260300288.00
2018-11-08,931.07,932.22,909.19,910.70,4886469,4617142784.00
2018-11-09,907.28,920.45,904.74,913.88,4186875,3957164800.00
2018-11-12,912.69,948.14,911.81,948.02,7109115,6305229824.00
2018-11-13,931.74,959.93,930.76,954.81,8502342,7428619264.00
2018-11-14,955.67,969.89,949.91,962.24,8078813,8291709952.00
2018-11-15,961.97,976.58,960.06,976.58,6908431,7118470656.00
2018-11-16,978.52,997.68,976.37,992.71,8122078,9018790912.00
2018-11-19,986.58,989.98,973.86,986.03,6382126,6826536960.00
2018-11-20,977.79,986.22,956.59,958.99,6627319,6930894848.00
2018-11-21,945.23,967.14,944.19,966.47,5819924,5766807552.00
2018-11-22,969.63,976.61,957.99,962.11,4889898,4930335232.00
2018-11-23,961.73,964.09,925.14,926.08,7044794,6602144256.00
2018-11-26,927.92,935.53,919.39,923.93,5172004,5241401344.00
2018-11-27,931.07,939.77,923.92,932.55,5051184,5223560192.00
2018-11-28,931.45,958.85,924.65,958.81,6816227,6821671424.00
2018-11-29,966.97,971.79,934.55,934.55,6348206,6211420672.00
2018-11-30,929.22,942.71,915.01,940.03,5135044,4967861248.00
2018-12-03,970.35,980.30,962.09,976.09,7470744,7601663488.00
2018-12-04,973.61,976.40,966.86,975.14,5874757,5952128512.00
2018-12-05,953.89,981.85,950.72,973.43,6540463,6018699264.00
2018-12-06,966.74,973.70,954.40,955.98,6860778,6192928256.00
2018-12-07,960.65,966.96,957.46,961.05,5073725,4547127296.00
2018-12-10,954.15,962.75,951.75,957.14,4439802,4127307520.00
2018-12-11,959.24,963.54,953.80,960.25,4420438,4228982272.00
2018-12-12,965.61,969.55,954.67,955.70,4459210,4387265536.00
2018-12-13,958.03,972.22,949.74,967.81,5115460,4890060800.00
2018-12-14,965.58,969.36,937.38,937.96,5434672,5002391552.00
2018-12-17,934.23,937.60,917.34,929.37,3777359,3619643904.00
2018-12-18,923.87,932.32,912.67,923.16,3400600,3155120896.00
2018-12-19,923.21,924.87,901.40,902.35,3199554,3009701888.00
2018-12-20,902.09,915.36,901.84,910.16,3593190,3408590080.00
2018-12-21,906.80,915.50,898.30,907.55,3439351,3280570112.00
2018-12-24,905.59,919.62,902.00,919.30,3712104,3406621440.00
2018-12-25,907.63,912.58,884.74,910.73,5134344,4434681344.00
2018-12-26,906.57,914.15,898.87,900.36,3689414,3676643328.00
2018-12-27,914.22,915.26,868.81,868.85,4274976,4315879424.00
2018-12-28,870.63,872.30,853.86,856.59,4319568,4292188160.00
2019-01-02,858.91,864.68,850.43,853.44,3258374,3302038784.00
2019-01-03,852.84,865.05,844.54,845.65,3719711,3424255488.00
2019-01-04,837.54,868.02,831.92,867.83,4942144,4543797760.00
2019-01-07,872.60,891.88,870.96,890.16,5528999,5102807040.00
2019-01-08,887.32,887.32,876.58,881.73,4758571,4144219904.00
2019-01-09,883.80,914.82,879.86,901.21,8100380,7031150592.00
2019-01-10,901.28,920.86,900.96,914.32,7436058,6311677952.00
2019-01-11,915.85,918.00,905.29,910.86,5528734,4553341440.00
2019-01-14,912.20,914.24,898.30,899.78,5399647,4139031552.00
2019-01-15,898.64,923.57,897.94,922.92,5784682,4957129216.00
2019-01-16,920.47,920.47,903.07,904.31,5753666,5352803840.00
2019-01-17,895.65,903.12,886.95,889.60,7456870,6859023360.00
2019-01-18,892.58,907.60,886.11,903.87,8159893,7155445248.00
2019-01-21,905.72,923.71,899.54,923.30,8113521,7902981120.00
2019-01-22,925.31,926.55,911.90,916.46,8289745,7482414080.00
2019-01-23,912.61,915.00,904.38,913.75,5696963,5115337728.00
2019-01-24,911.58,950.89,910.61,934.15,10854238,10676369408.00
2019-01-25,932.80,948.80,926.99,936.25,11360600,10662097920.00
2019-01-28,943.80,948.22,921.45,923.42,8779553,8085098496.00
2019-01-29,919.63,923.27,892.04,915.81,8847405,7835375616.00
2019-01-30,911.93,926.86,908.15,908.72,8221646,7026146816.00
2019-01-31,904.86,914.83,886.53,892.54,8331698,6873081344.00
2019-02-01,897.46,936.55,896.68,932.62,8443920,7201789440.00
2019-02-11,936.27,963.70,935.60,963.65,9502801,8362057216.00
2019-02-12,964.27,978.63,962.52,977.81,11109856,9373568000.00
2019-02-13,976.84,1007.01,976.03,1002.17,14370484,13155283968.00
2019-02-14,1002.48,1020.34,997.98,1014.37,12214554,11162736640.00
2019-02-15,1011.47,1027.21,1008.31,1012.68,12187803,10627605504.00
2019-02-18,1019.32,1073.70,1019.32,1073.55,15918030,14641316864.00
2019-02-19,1094.50,1107.18,1074.59,1090.42,18748894,17944897536.00
2019-02-20,1090.15,1090.25,1064.28,1088.96,12837934,12300577792.00
2019-02-21,1083.79,1130.46,1081.35,1096.63,16992193,16630167552.00
2019-02-22,1092.89,1142.55,1092.13,1142.55,15130213,15414535168.00
2019-02-25,1172.13,1199.38,1158.06,1196.34,22653536,23259164672.00
2019-02-26,1189.54,1211.39,1161.63,1173.53,19879328,20632764416.00
2019-02-27,1167.71,1174.68,1119.40,1139.35,15856733,16824104960.00
2019-02-28,1135.67,1155.35,1133.15,1144.25,11983218,12025965568.00
2019-03-01,1148.91,1152.51,1126.80,1144.01,11026261,11677411328.00
2019-03-04,1161.32,1184.32,1147.40,1156.59,16267253,17723504640.00
2019-03-05,1152.49,1220.60,1145.56,1220.60,21077268,22113617920.00
2019-03-06,1230.84,1231.85,1191.07,1209.70,21794248,23331061760.00
2019-03-07,1199.66,1217.92,1188.05,1203.94,19376314,20835694592.00
2019-03-08,1179.32,1277.35,1170.66,1227.16,31270389,35039457280.00
2019-03-11,1258.44,1282.72,1232.93,1281.99,28135408,33498492928.00
2019-03-12,1289.68,1312.38,1276.81,1312.17,28503680,32533741568.00
2019-03-13,1308.69,1308.69,1254.22,1265.49,23174169,28107145216.00
2019-03-14,1240.49,1248.95,1192.13,1209.44,15472418,17564076032.00
2019-03-15,1215.82,1232.36,1201.34,1212.08,12115115,14161722368.00
2019-03-18,1217.84,1242.44,1197.45,1242.44,11697486,13539319808.00
2019-03-19,1239.22,1263.64,1233.50,1244.59,12154241,14886353920.00
2019-03-20,1240.72,1240.75,1205.72,1230.07,11367052,12913579008.00
2019-03-21,1232.22,1258.23,1228.81,1246.72,14167642,16018171904.00
2019-03-22,1253.37,1259.01,1234.20,1249.80,14272442,16034137088.00
2019-03-25,1229.18,1264.03,1225.78,1244.16,15000421,16541708288.00
2019-03-26,1252.24,1256.30,1201.29,1203.68,15567164,18417422336.00
2019-03-27,1212.77,1217.34,1174.66,1212.50,12407214,14932583424.00
2019-03-28,1212.12,1253.28,1205.37,1206.49,15282485,19951495168.00
2019-03-29,1199.97,1237.91,1183.44,1236.11,14052158,17157120000.00
2019-04-01,1240.89,1293.87,1240.80,1293.69,17428839,21180311552.00
2019-04-02,1299.01,1316.92,1291.63,1297.75,17471163,21485391872.00
2019-04-03,1288.54,1302.72,1281.44,1302.42,12195586,13984581632.00
2019-04-04,1310.32,1318.22,1294.43,1303.25,11464630,15017371648.00
2019-04-08,1307.62,1309.74,1252.09,1264.35,12774800,15727047680.00
2019-04-09,1260.93,1275.72,1252.62,1266.92,8184347,9549854720.00
2019-04-10,1259.10,1269.29,1245.85,1258.55,10190617,11283287040.00
2019-04-11,1258.53,1259.77,1227.84,1227.84,8887858,9877696512.00
2019-04-12,1227.69,1237.17,1223.18,1233.26,6630973,7017665024.00
2019-04-15,1247.85,1252.33,1213.16,1213.32,9803896,10820168704.00
2019-04-16,1205.34,1244.18,1195.53,1244.18,10245504,11847734272.00
2019-04-17,1249.65,1269.67,1245.59,1260.88,12012833,13576462336.00
2019-04-18,1258.00,1275.10,1251.34,1262.64,11125822,11871703040.00
2019-04-19,1259.38,1267.99,1248.43,1266.04,9066830,9358897152.00
2019-04-22,1272.82,1289.12,1261.18,1265.69,11860931,13282995200.00
2019-04-23,1266.54,1271.58,1236.33,1238.23,10333815,11404262400.00
2019-04-24,1238.25,1273.41,1222.19,1270.01,10453015,12163072000.00
2019-04-25,1265.60,1268.97,1220.50,1221.31,10450588,11394894848.00
2019-04-26,1210.21,1235.37,1204.78,1206.18,9076251,11232428032.00
2019-04-29,1203.53,1208.21,1144.88,1154.81,10425814,11520204800.00
2019-04-30,1146.71,1169.10,1139.65,1155.29,6976095,8187769856.00
2019-05-06,1112.01,1112.35,1057.80,1069.72,9883644,9851367424.00
2019-05-07,1072.65,1092.23,1055.60,1079.19,7801390,8393909760.00
2019-05-08,1052.62,1108.77,1044.29,1076.73,7730632,8430803456.00
2019-05-09,1075.16,1103.72,1075.12,1080.98,7354935,8223959040.00
2019-05-10,1095.71,1140.60,1064.50,1140.57,11019068,12470832128.00
2019-05-13,1125.67,1145.08,1117.07,1122.67,8726634,10503162880.00
2019-05-14,1107.59,1132.93,1106.61,1118.67,7503866,9003002880.00
2019-05-15,1128.75,1148.35,1120.77,1146.32,9858728,11481536512.00
2019-05-16,1142.39,1143.29,1129.50,1136.15,8484207,9562562560.00
2019-05-17,1144.98,1162.62,1111.46,1115.45,12804205,14351673344.00
2019-05-20,1135.43,1138.03,1116.27,1132.92,13301352,15419006976.00
2019-05-21,1134.20,1148.35,1119.49,1143.60,15515272,16464476160.00
2019-05-22,1141.04,1163.37,1140.01,1160.27,13948538,15980353536.00
2019-05-23,1164.98,1174.23,1147.69,1153.42,16196682,19268954112.00
2019-05-24,1133.91,1146.58,1106.66,1107.69,12536450,14496324608.00
2019-05-27,1111.42,1171.29,1111.42,1168.20,14769497,16883949568.00
2019-05-28,1177.14,1184.87,1163.93,1173.92,17854777,21820178432.00
2019-05-29,1173.40,1209.38,1170.05,1190.35,17202095,20857466880.00
2019-05-30,1177.98,1177.98,1145.33,1166.51,15974468,20659871744.00
2019-05-31,1170.03,1196.34,1161.93,1172.44,16284854,19204603904.00
2019-06-03,1175.71,1178.93,1147.08,1150.49,14564277,16651609088.00
2019-06-04,1148.83,1155.61,1117.65,1127.91,11613110,13366122496.00
2019-06-05,1141.30,1143.09,1121.71,1123.55,9967739,11614063616.00
2019-06-06,1120.79,1121.37,1087.51,1088.41,11243139,12913801216.00
2019-06-10,1095.38,1111.78,1084.79,1105.65,9396173,11052430336.00
2019-06-11,1109.94,1151.79,1096.55,1149.23,13485034,15743932416.00
2019-06-12,1142.71,1152.79,1132.11,1145.58,14875903,17704208384.00
2019-06-13,1142.77,1153.11,1129.37,1139.76,12586451,12748955648.00
2019-06-14,1145.77,1146.95,1104.41,1107.32,11258319,11482902528.00
2019-06-17,1101.12,1106.25,1078.30,1093.50,7230698,7849442816.00
2019-06-18,1091.25,1098.01,1083.37,1088.48,6219173,6441502720.00
2019-06-19,1124.16,1137.07,1119.66,1120.60,16744691,13615464448.00
2019-06-20,1115.41,1151.47,1113.02,1139.68,11959449,11923758080.00
2019-06-21,1154.68,1168.55,1148.53,1159.45,13665287,13088126976.00
2019-06-24,1159.79,1166.09,1149.62,1160.22,11872939,11367231488.00
2019-06-25,1155.01,1155.01,1123.61,1135.63,9210473,9600115712.00
2019-06-26,1130.05,1146.25,1124.88,1141.83,10455398,9103556608.00
2019-06-27,1145.70,1169.31,1145.70,1163.16,11988858,13110297600.00
2019-06-28,1163.76,1164.24,1132.28,1142.74,10461017,10681149440.00
2019-07-01,1174.99,1189.49,1164.47,1188.85,14690856,16323792896.00
2019-07-02,1182.77,1182.77,1162.64,1168.98,11310313,13127487488.00
2019-07-03,1164.75,1164.76,1151.36,1156.67,7733671,9063973888.00
2019-07-04,1157.07,1160.36,1134.86,1141.64,6757631,7793532416.00
2019-07-05,1142.22,1152.45,1142.22,1147.44,6839158,6789821440.00
2019-07-08,1142.73,1142.73,1097.32,1100.05,9013110,9599476736.00
2019-07-09,1100.32,1108.49,1087.09,1101.47,4743612,6176864256.00
2019-07-10,1106.86,1111.64,1096.83,1101.15,4935223,6313654784.00
2019-07-11,1106.89,1109.95,1078.47,1087.64,6169006,7567489536.00
2019-07-12,1091.76,1106.56,1084.42,1101.19,5821469,7115864576.00
2019-07-15,1098.28,1129.02,1087.41,1123.51,7829380,9859395584.00
2019-07-16,1118.19,1130.15,1116.13,1127.53,5696999,7499649024.00
2019-07-17,1130.35,1155.16,1126.23,1141.05,9293890,11325515776.00
2019-07-18,1149.34,1149.38,1130.77,1132.70,8832910,11061248000.00
2019-07-19,1138.12,1147.17,1132.91,1136.05,6549548,8233806848.00
2019-07-22,1164.05,1166.48,1118.86,1133.81,9008052,18544660480.00
2019-07-23,1134.32,1174.55,1134.32,1172.69,9272865,14523149312.00
2019-07-24,1177.98,1194.17,1175.08,1187.85,11509396,16429470720.00
2019-07-25,1186.60,1217.04,1186.28,1208.81,11895651,18484656128.00
2019-07-26,1205.78,1216.49,1202.58,1210.01,8534407,13419610112.00
2019-07-29,1210.41,1226.59,1210.34,1221.35,10348410,14184345600.00
2019-07-30,1219.78,1223.37,1205.61,1208.71,9242621,13676493824.00
2019-07-31,1207.41,1219.95,1206.40,1210.98,9012943,13401101312.00
2019-08-01,1204.49,1213.38,1198.79,1207.00,9318826,15271334912.00
2019-08-02,1177.87,1203.65,1173.37,1199.54,11372420,19039825920.00
2019-08-05,1195.41,1216.98,1184.33,1186.05,10450314,16571779072.00
2019-08-06,1158.19,1163.21,1123.18,1152.11,12243843,18005673984.00
2019-08-07,1159.70,1162.27,1131.21,1131.24,8798394,13185957888.00
2019-08-08,1146.46,1165.95,1144.50,1160.39,9501698,16780930048.00
2019-08-09,1168.40,1173.60,1138.55,1141.43,9037884,15308966912.00
2019-08-12,1147.91,1180.48,1142.52,1180.48,9295800,14551373824.00
2019-08-13,1167.30,1172.68,1157.56,1167.12,7602848,12072246272.00
2019-08-14,1188.08,1193.38,1170.24,1172.82,10273503,15439818752.00
2019-08-15,1137.64,1190.87,1134.79,1190.87,9845235,14197918720.00
2019-08-16,1188.98,1196.91,1180.48,1183.13,10878273,15302701056.00
2019-08-19,1199.22,1236.55,1192.72,1231.85,13989010,19482603520.00
2019-08-20,1231.81,1237.42,1225.23,1227.52,11993008,16406569984.00
2019-08-21,1225.25,1269.41,1223.56,1261.00,12425449,18208536576.00
2019-08-22,1263.98,1271.98,1240.22,1249.30,13298185,17070629888.00
2019-08-23,1247.74,1249.07,1222.84,1230.98,11739193,15365582848.00
2019-08-26,1205.17,1220.84,1203.52,1213.66,9321577,12363727872.00
2019-08-27,1224.33,1255.69,1224.33,1247.28,10616306,15264589824.00
2019-08-28,1245.83,1258.03,1234.27,1247.95,9532215,13972483072.00
2019-08-29,1249.68,1263.09,1244.34,1256.82,10528956,15149028352.00
2019-08-30,1265.62,1286.32,1242.84,1253.44,13063235,19479412736.00
2019-09-02,1251.75,1302.20,1248.58,1296.77,11353018,17679890432.00
2019-09-03,1298.04,1337.13,1296.69,1332.08,14761609,23123546112.00
2019-09-04,1329.07,1354.57,1324.47,1347.36,15070466,22578343936.00
2019-09-05,1354.17,1376.79,1342.94,1350.63,16594600,24489324544.00
2019-09-06,1352.35,1363.01,1329.08,1343.75,12724651,20084645888.00
2019-09-09,1359.36,1406.71,1347.29,1406.71,18253010,27686254592.00
2019-09-10,1417.28,1419.72,1387.71,1402.31,16513864,25929936896.00
2019-09-11,1407.83,1411.65,1385.74,1394.44,12482724,20243490816.00
2019-09-12,1405.05,1414.46,1396.33,1403.73,12498087,20940967936.00
2019-09-16,1410.66,1435.05,1399.20,1423.50,16029686,24203487232.00
2019-09-17,1421.29,1421.29,1363.41,1376.28,14272394,21825546240.00
2019-09-18,1380.67,1387.42,1354.26,1378.50,11455165,18227615744.00
2019-09-19,1382.28,1418.64,1381.97,1418.64,14920326,22285320192.00
2019-09-20,1423.27,1445.34,1416.45,1438.54,14232851,23676465152.00
2019-09-23,1434.54,1456.96,1421.43,1456.90,15057699,24382967808.00
2019-09-24,1454.69,1495.14,1453.00,1476.31,16370399,27971981312.00
2019-09-25,1459.64,1464.14,1393.69,1393.92,14874300,25198174208.00
2019-09-26,1399.66,1402.88,1330.76,1334.84,13492220,22055991296.00
2019-09-27,1337.96,1365.62,1334.59,1353.01,8958268,14718057472.00
2019-09-30,1350.07,1361.19,1318.70,1318.70,7075916,11893361664.00
2019-10-08,1326.18,1341.44,1301.20,1307.16,7151199,11653237760.00
2019-10-09,1301.77,1329.52,1286.23,1328.57,7839125,11636873216.00
2019-10-10,1330.06,1351.19,1325.41,1349.44,9265773,13788045312.00
2019-10-11,1351.37,1351.46,1316.78,1325.29,8412968,12633802752.00
2019-10-14,1339.85,1361.96,1336.66,1360.70,10438935,16915799040.00
2019-10-15,1352.27,1352.27,1313.89,1320.43,9755079,14617084928.00
2019-10-16,1321.05,1321.47,1279.98,1281.59,8351422,13162661888.00
2019-10-17,1280.69,1291.65,1268.99,1274.86,6448699,9586025472.00
2019-10-18,1276.12,1278.07,1233.69,1241.33,7532440,12006032384.00
2019-10-21,1238.56,1243.23,1218.59,1242.06,5825181,8921176064.00
2019-10-22,1245.13,1260.25,1241.29,1258.41,5666234,9542529024.00
2019-10-23,1258.28,1268.28,1252.32,1254.24,5544132,9379610624.00
2019-10-24,1250.59,1255.22,1231.60,1248.82,5029733,8101381632.00
2019-10-25,1246.83,1278.60,1237.31,1273.68,7388941,10960653312.00
2019-10-28,1277.38,1314.07,1276.69,1311.77,10628128,14960067584.00
2019-10-29,1307.06,1307.07,1283.27,1283.27,9005182,12886128640.00
2019-10-30,1281.34,1313.08,1274.24,1296.36,9064643,15024936960.00
2019-10-31,1296.16,1310.81,1288.96,1290.96,7610758,13047207936.00
2019-11-01,1285.79,1302.02,1277.51,1300.36,6718501,10995481600.00
2019-11-04,1304.90,1324.95,1300.21,1314.05,7583539,12649326592.00
2019-11-05,1314.26,1334.69,1301.07,1329.08,8577747,13670260736.00
2019-11-06,1328.05,1345.54,1307.68,1315.21,8285996,13466520576.00
2019-11-07,1315.52,1323.84,1305.72,1323.83,7099971,11795396608.00
2019-11-08,1332.34,1338.13,1312.90,1313.84,8441984,13623589888.00
2019-11-11,1299.01,1303.75,1278.69,1284.40,7417504,11331462144.00
2019-11-12,1287.26,1297.59,1250.77,1275.22,7610734,12354833408.00
2019-11-13,1276.60,1321.06,1269.72,1320.02,9321801,16221442048.00
2019-11-14,1319.84,1365.12,1315.46,1356.54,11420624,18711656448.00
2019-11-15,1354.91,1369.13,1333.50,1333.76,9292939,16001001472.00
2019-11-18,1332.52,1343.35,1318.11,1332.06,7733156,13312484352.00
2019-11-19,1331.52,1358.34,1324.03,1358.28,8742933,14050571264.00
2019-11-20,1350.32,1356.95,1332.32,1335.37,8953909,14071495680.00
2019-11-21,1327.33,1347.80,1323.42,1338.77,8115462,11647145984.00
2019-11-22,1338.27,1365.41,1302.91,1312.35,10737334,17413521408.00
2019-11-25,1308.30,1308.59,1268.92,1274.75,8837588,13573782528.00
2019-11-26,1279.61,1290.97,1276.70,1286.59,7236235,11480281088.00
2019-11-27,1279.73,1333.60,1273.38,1319.16,11779118,16756657152.00
2019-11-28,1312.94,1329.50,1312.94,1318.38,10352489,13801171968.00
2019-11-29,1319.06,1340.81,1313.40,1333.25,9680310,14140185600.00
2019-12-02,1337.80,1368.14,1334.43,1359.84,11187248,16566740992.00
2019-12-03,1351.11,1390.67,1346.22,1390.67,11640429,17427634176.00
2019-12-04,1378.82,1404.49,1376.57,1391.76,12382066,17712506880.00
2019-12-05,1394.13,1438.34,1389.91,1417.73,14628383,21922666496.00
2019-12-06,1416.24,1445.27,1413.46,1443.65,13289485,20062828544.00
2019-12-09,1450.50,1472.29,1442.27,1446.42,14737097,22693603328.00
2019-12-10,1442.80,1499.31,1430.72,1499.31,18431282,27252785152.00
2019-12-11,1493.44,1504.10,1464.96,1479.96,17519201,24316264448.00
2019-12-12,1483.32,1536.20,1483.32,1513.70,21571777,29940451328.00
2019-12-13,1530.05,1530.42,1499.16,1517.39,18099239,27778158592.00
2019-12-16,1520.65,1569.13,1520.65,1569.08,21583516,32785262592.00
2019-12-17,1568.98,1577.38,1555.16,1573.84,20687129,30095353856.00
2019-12-18,1568.40,1596.84,1564.79,1580.43,19371144,29873078272.00
2019-12-19,1571.62,1571.62,1534.81,1545.07,18743330,27343468544.00
2019-12-20,1546.53,1553.41,1525.74,1525.74,14830610,21340547072.00
2019-12-23,1488.37,1506.71,1479.21,1479.37,14381692,23989202944.00
2019-12-24,1487.59,1527.54,1475.99,1526.69,12892476,20129257472.00
2019-12-25,1524.12,1594.91,1523.57,1588.63,20749774,32165189632.00
2019-12-26,1585.08,1593.96,1565.84,1580.43,16473914,25809168384.00
2019-12-27,1581.60,1585.07,1537.16,1537.16,18890070,27156307968.00
2019-12-30,1522.55,1556.91,1492.50,1546.30,16608736,23024062464.00
2019-12-31,1544.53,1560.38,1524.29,1534.43,12391959,17483735040.00
2020-01-02,1547.80,1616.87,1538.99,1604.83,17952962,28543291392.00
2020-01-03,1613.50,1625.09,1602.38,1616.48,16772359,27690532864.00
2020-01-06,1598.20,1659.73,1594.85,1648.08,19123972,29470144512.00
2020-01-07,1650.80,1659.32,1625.74,1640.68,18253221,28059568128.00
2020-01-08,1633.62,1643.18,1607.53,1610.80,21519267,30309552128.00
2020-01-09,1629.46,1656.44,1629.46,1656.40,16106529,26506758144.00
2020-01-10,1657.69,1702.29,1656.58,1689.49,19745451,32147126272.00
2020-01-13,1683.40,1743.62,1671.91,1743.18,21205992,36728651776.00
2020-01-14,1741.36,1749.17,1714.95,1724.10,18148616,31469750272.00
2020-01-15,1715.36,1779.67,1713.38,1771.51,20234742,33418346496.00
2020-01-16,1768.03,1787.90,1765.08,1768.34,20153424,35373383680.00
2020-01-17,1782.93,1786.95,1758.56,1769.30,16151188,29694205952.00
2020-01-20,1767.33,1841.67,1764.38,1841.62,18163367,34815041536.00
2020-01-21,1820.48,1864.46,1814.48,1837.80,17549406,34786873344.00
2020-01-22,1813.29,1935.66,1802.39,1925.72,20351108,39959896064.00
2020-01-23,1897.41,1974.40,1837.11,1883.06,24683183,49250435072.00
2020-02-03,1690.54,1717.33,1690.54,1708.40,3343657,10852836352.00
2020-02-04,1633.97,1795.87,1633.97,1783.60,23742404,41925701632.00
2020-02-05,1784.49,1851.03,1772.19,1796.22,21064121,41023434752.00
2020-02-06,1771.75,1842.65,1760.85,1841.77,19461242,36291604480.00
2020-02-07,1832.69,1936.41,1824.16,1932.99,21912007,43949383680.00
2020-02-10,1920.25,1948.41,1880.43,1918.43,18910349,39527178240.00
2020-02-11,1913.14,1948.34,1912.72,1922.90,16886800,34223316992.00
2020-02-12,1939.73,2013.37,1939.73,2003.93,24079961,45174960128.00
2020-02-13,2027.65,2087.20,2011.04,2040.37,31400796,62665265152.00
2020-02-14,2036.41,2124.51,2025.32,2066.45,31398754,62992355328.00
2020-02-17,2083.43,2131.43,2075.44,2131.33,26494519,52632428544.00
2020-02-18,2128.37,2227.01,2126.96,2223.18,29040735,60086530048.00
2020-02-19,2200.66,2283.76,2181.01,2203.09,30909309,65727406080.00
2020-02-20,2207.46,2286.04,2162.57,2285.71,29433199,61175615488.00
2020-02-21,2280.12,2357.58,2277.94,2344.17,29463372,61963251712.00
2020-02-24,2349.17,2449.34,2326.21,2441.52,31776706,67428564992.00
2020-02-25,2373.37,2497.17,2300.08,2487.20,38188842,82622226432.00
2020-02-26,2442.05,2459.73,2288.92,2293.45,33857887,72082604032.00
2020-02-27,2301.54,2321.28,2172.67,2197.93,28129544,59364544512.00
2020-02-28,2092.36,2157.85,2035.08,2079.24,29872764,61337751552.00
2020-03-02,2131.15,2149.47,2061.06,2115.53,23578501,49315274752.00
2020-03-03,2149.64,2220.43,2101.41,2122.65,25067375,54226014208.00
2020-03-04,2085.91,2097.05,1995.48,2058.47,20936536,50359746560.00
2020-03-05,2095.82,2102.55,2024.15,2099.51,23322976,50297069568.00
2020-03-06,2054.63,2090.94,2046.16,2061.51,18939653,35011006464.00
2020-03-09,2002.11,2008.13,1899.40,1899.40,21220463,41279905792.00
2020-03-10,1908.23,2038.15,1908.23,2038.15,24125373,48770301952.00
2020-03-11,2050.74,2067.92,1958.38,1959.26,22656545,45817757696.00
2020-03-12,1911.92,2000.09,1906.92,1979.10,18479470,36702990336.00
2020-03-13,1884.23,2056.35,1884.23,2031.21,25768719,49845927936.00
2020-03-16,2041.51,2041.53,1875.97,1886.56,22727940,44882112512.00
2020-03-17,1934.86,1945.43,1816.04,1910.90,18331768,35220361216.00
2020-03-18,1930.14,1983.12,1868.51,1873.00,19795925,39603208192.00
2020-03-19,1877.61,1946.82,1858.93,1940.55,19164255,37431296000.00
2020-03-20,1961.59,1964.52,1873.31,1902.10,17155869,34931191808.00
2020-03-23,1823.74,1841.22,1729.21,1738.93,15921468,30292529152.00
2020-03-24,1779.32,1783.25,1663.83,1743.39,16840441,32290166784.00
2020-03-25,1789.07,1811.09,1761.49,1780.58,14639429,28622299136.00
2020-03-26,1758.95,1799.41,1741.26,1746.44,11836695,22158127104.00
2020-03-27,1775.58,1778.27,1717.31,1717.41,10773934,21278732288.00
2020-03-30,1674.60,1689.33,1612.18,1660.19,13180179,24687771648.00
2020-03-31,1689.49,1705.29,1641.20,1643.36,9981565,20076562432.00
2020-04-01,1635.19,1723.96,1635.19,1680.79,15086816,27931944960.00
2020-04-02,1675.91,1796.39,1675.45,1794.75,18375135,36585521152.00
2020-04-03,1781.84,1795.13,1750.33,1767.21,15092528,29977976832.00
2020-04-07,1820.99,1826.50,1802.15,1810.85,14073944,27981754368.00
2020-04-08,1793.78,1845.52,1791.11,1829.74,13969190,26567161856.00
2020-04-09,1841.00,1842.21,1797.58,1810.89,11230641,21705406464.00
2020-04-10,1805.29,1805.29,1711.03,1718.23,12510997,23532496896.00
2020-04-13,1691.97,1695.67,1652.19,1669.91,8690604,16427621376.00
2020-04-14,1690.75,1733.06,1686.01,1733.06,10187224,18598502400.00
2020-04-15,1736.92,1802.64,1726.77,1752.78,15171260,27700566016.00
2020-04-16,1736.00,1781.09,1721.03,1767.78,12940988,21978765312.00
2020-04-17,1798.19,1851.04,1796.57,1805.80,17683312,36151332864.00
2020-04-20,1802.88,1815.22,1777.03,1813.07,12637676,24969322496.00
2020-04-21,1792.65,1792.65,1735.86,1763.10,12023481,23150106624.00
2020-04-22,1738.96,1781.76,1735.29,1781.76,11074487,19802568704.00
2020-04-23,1783.58,1784.05,1747.97,1750.19,11352051,20969107456.00
2020-04-24,1746.81,1770.34,1705.78,1714.88,11971773,20996331520.00
2020-04-27,1712.20,1715.74,1666.70,1693.02,10462805,18099591168.00
2020-04-28,1693.53,1750.18,1633.40,1734.45,15619813,29464133632.00
2020-04-29,1726.37,1754.94,1723.16,1730.15,11187271,21567676416.00
2020-04-30,1760.72,1865.00,1760.72,1852.52,18497774,36741201920.00
2020-05-06,1846.76,1967.88,1844.75,1964.33,20479546,45587349504.00
2020-05-07,1979.15,1992.26,1941.15,1944.92,18128983,40142630912.00
2020-05-08,1960.33,1997.52,1945.95,1963.15,16081435,36507836416.00
2020-05-11,1984.08,1999.09,1940.93,1964.55,15672764,31980527616.00
2020-05-12,1959.95,1994.35,1907.85,1989.65,19209451,35955322880.00
2020-05-13,1961.79,1994.01,1960.54,1981.27,15758396,29803591680.00
2020-05-14,1966.59,2023.69,1961.90,1988.31,19050595,37945434112.00
2020-05-15,1999.67,2091.40,1986.26,2055.87,22091317,48444092416.00
2020-05-18,2089.16,2115.55,1963.07,1975.85,25847703,56981106688.00
2020-05-19,1994.90,2077.35,1973.60,2076.26,23796356,50804412416.00
2020-05-20,2060.91,2105.07,2024.74,2044.26,22498227,49481052160.00
2020-05-21,2049.61,2067.61,1966.24,1974.32,18314270,39221207040.00
2020-05-22,1966.99,1982.91,1892.27,1925.90,16994983,35388727296.00
2020-05-25,1910.23,1932.95,1879.93,1900.87,12323440,25739198464.00
2020-05-26,1915.13,1951.13,1913.73,1949.40,12848921,27624046592.00
2020-05-27,1941.27,1944.21,1892.45,1902.02,13984067,30461415424.00
2020-05-28,1892.37,1916.83,1850.68,1905.77,13324830,28261263360.00
2020-05-29,1884.97,1926.09,1882.75,1895.49,12152405,26634227712.00
2020-06-01,1918.17,2006.90,1918.15,2001.99,17547618,37729779712.00
2020-06-02,2010.00,2037.24,1993.35,2021.08,17052108,34932580352.00
2020-06-03,2030.36,2070.57,1998.10,2020.04,18129416,39592345600.00
2020-06-04,2020.68,2031.69,1994.59,1998.10,12796190,28111742976.00
2020-06-05,2018.83,2055.85,2011.30,2035.92,14326125,33479751680.00
2020-06-08,2052.91,2070.69,2015.96,2021.90,15698140,34655985664.00
2020-06-09,2014.84,2032.64,2001.38,2031.60,11336667,26655215616.00
2020-06-10,2019.70,2022.48,1988.66,2015.52,11329403,26460250112.00
2020-06-11,2015.68,2058.70,1996.69,2010.50,12816835,31435145216.00
2020-06-12,1949.18,2018.47,1946.69,1997.62,12986276,29438515200.00
2020-06-15,1962.25,1977.99,1942.99,1943.71,13994929,31515752448.00
2020-06-16,1970.58,1990.39,1959.19,1975.61,12265010,26230290432.00
2020-06-17,1980.43,1980.43,1939.74,1959.58,11661707,23934660608.00
2020-06-18,1951.99,1996.82,1949.36,1990.96,11722997,26136551424.00
2020-06-19,1995.55,2030.56,1978.63,2015.76,12042949,27760971776.00
2020-06-22,2036.85,2113.42,2036.85,2098.19,18525106,43618430976.00
2020-06-23,2099.16,2100.05,2066.16,2092.21,13520506,32410957824.00
2020-06-24,2100.44,2137.47,2087.52,2117.47,14749937,38416949248.00
2020-06-29,2108.41,2121.70,2076.60,2088.64,13227381,34065567744.00
2020-06-30,2111.31,2141.05,2098.76,2134.88,13536887,33177229312.00
2020-07-01,2137.19,2171.94,2095.36,2136.88,15464784,37324316672.00
2020-07-02,2136.08,2204.00,2114.31,2191.37,20993698,45668200448.00
2020-07-03,2199.73,2201.18,2144.05,2194.87,19883913,43320516608.00
2020-07-06,2227.18,2376.71,2226.02,2369.59,25726303,62040412160.00
2020-07-07,2417.06,2501.56,2386.63,2386.63,30460995,74730127360.00
2020-07-08,2381.33,2457.97,2346.07,2457.97,25353049,62358859776.00
2020-07-09,2447.77,2549.57,2439.29,2528.78,26286412,66513874944.00
2020-07-10,2489.20,2573.10,2467.70,2546.61,28508349,68682788864.00
2020-07-13,2550.68,2673.30,2537.42,2670.42,30300673,75587592192.00
2020-07-14,2665.41,2687.80,2556.90,2650.20,30050588,79567519744.00
2020-07-15,2640.34,2644.82,2477.13,2481.43,25288804,72417607680.00
2020-07-16,2640.73,2641.21,2433.48,2439.35,28674306,107786772480.00
2020-07-17,2419.98,2471.35,2366.93,2393.84,19775571,60516257792.00
2020-07-20,2434.32,2481.98,2357.29,2481.98,17822206,55155830784.00
2020-07-21,2474.89,2529.68,2462.68,2489.61,19071463,50755002368.00
2020-07-22,2491.98,2557.35,2481.95,2508.25,20203932,55133499392.00
2020-07-23,2470.71,2499.13,2411.95,2483.07,19819829,54122852352.00
2020-07-24,2458.77,2489.19,2309.06,2314.26,19506334,53527699456.00
2020-07-27,2332.48,2372.47,2296.27,2328.52,16000323,39234449408.00
2020-07-28,2362.98,2374.77,2310.54,2333.82,15063556,35042381824.00
2020-07-29,2329.63,2457.21,2323.96,2457.21,19508279,48524136448.00
2020-07-30,2482.63,2483.57,2441.77,2458.37,21452010,54059077632.00
2020-07-31,2447.43,2543.84,2446.81,2533.24,23671966,62505979904.00
2020-08-03,2571.21,2615.31,2555.33,2595.00,24522594,69446361088.00
2020-08-04,2593.76,2593.76,2516.14,2535.27,21051064,54135099392.00
2020-08-05,2663.34,2664.34,2574.07,2600.04,23337932,66534518784.00
2020-08-06,2573.63,2621.09,2540.34,2591.50,21651078,57493356544.00
2020-08-07,2568.61,2568.61,2449.39,2497.20,20798562,55997190144.00
2020-08-10,2463.69,2537.00,2461.85,2505.46,15383952,41229180928.00
2020-08-11,2504.85,2519.47,2434.00,2437.42,14309190,36598607872.00
2020-08-12,2433.40,2459.53,2360.76,2455.70,15726456,39847792640.00
2020-08-13,2466.54,2482.85,2436.84,2454.68,14350879,32693432320.00
2020-08-14,2444.04,2474.91,2429.26,2474.40,12282867,27718606848.00
2020-08-17,2482.78,2528.13,2463.36,2526.03,15790030,39350222848.00
2020-08-18,2525.62,2529.75,2497.08,2512.61,14849488,37339037696.00
2020-08-19,2498.49,2498.49,2408.79,2410.23,15731725,39513726976.00
2020-08-20,2384.04,2430.35,2373.46,2399.63,9968246,24112160768.00
2020-08-21,2419.09,2428.92,2355.87,2384.27,10897216,27637678080.00
2020-08-24,2389.08,2436.32,2348.53,2415.65,12353479,29220134912.00
2020-08-25,2421.35,2430.11,2387.33,2396.56,14438809,28485423104.00
2020-08-26,2391.14,2391.30,2295.53,2299.96,15599160,36157440000.00
2020-08-27,2295.85,2382.16,2269.84,2362.09,15914186,34771537920.00
2020-08-28,2349.14,2373.91,2331.89,2369.71,14911029,30572904448.00
2020-08-31,2378.20,2401.41,2352.39,2352.72,13670673,29961957376.00
2020-09-01,2344.02,2352.32,2318.73,2352.13,12035801,23365754880.00
2020-09-02,2347.71,2351.73,2324.48,2340.29,18573497,32252590080.00
2020-09-03,2336.75,2360.66,2305.04,2358.85,17692768,32919052288.00
2020-09-04,2335.46,2433.79,2333.77,2426.31,23503310,46099906560.00
2020-09-07,2432.57,2463.10,2361.54,2372.74,27183651,56981270528.00
2020-09-08,2363.94,2384.59,2332.49,2355.35,25513262,44368818176.00
2020-09-09,2310.35,2310.35,2232.39,2232.82,25977825,47757967360.00
2020-09-10,2252.89,2261.57,2177.06,2182.17,18989465,33268635648.00
2020-09-11,2170.62,2274.66,2170.62,2270.87,16869723,31685980160.00
2020-09-14,2296.79,2358.55,2296.02,2335.52,19817824,38411653120.00
2020-09-15,2321.02,2347.96,2280.35,2324.10,17481339,36294807552.00
2020-09-16,2317.41,2361.54,2311.58,2331.98,16574834,32914307072.00
2020-09-17,2315.82,2389.89,2294.54,2358.62,17086346,38048878592.00
2020-09-18,2356.50,2378.52,2333.30,2365.53,14631297,31876255744.00
2020-09-21,2376.86,2397.14,2347.96,2350.42,13768816,31826130944.00
2020-09-22,2319.24,2338.45,2294.32,2299.15,14237848,27846240256.00
2020-09-23,2311.29,2346.73,2299.11,2334.95,15222688,31001577472.00
2020-09-24,2313.94,2320.29,2275.22,2276.55,16218101,27957094400.00
2020-09-25,2290.73,2293.61,2233.55,2241.57,11454798,22399725568.00
2020-09-28,2231.05,2237.55,2205.83,2206.02,11478863,25048455168.00
2020-09-29,2225.77,2258.95,2217.76,2237.69,11261856,23825219584.00
2020-09-30,2246.26,2257.88,2225.62,2231.53,12601014,21697845248.00
2020-10-09,2289.57,2321.94,2288.72,2309.50,14387944,29308452864.00
2020-10-12,2333.48,2434.86,2333.22,2433.92,22929162,47452143616.00
2020-10-13,2429.89,2446.53,2410.34,2438.66,21227577,40559276032.00
2020-10-14,2433.19,2434.20,2381.30,2389.27,18666377,34553720832.00
2020-10-15,2388.01,2416.69,2363.19,2363.36,15744300,33140936704.00
2020-10-16,2378.01,2389.89,2336.91,2352.50,13117990,28515094528.00
2020-10-19,2366.72,2370.68,2329.79,2333.00,13288069,28078336000.00
2020-10-20,2322.64,2341.74,2293.12,2341.73,13703737,27296985088.00
2020-10-21,2343.90,2343.90,2267.96,2279.39,13162970,27188162560.00
2020-10-22,2259.69,2302.90,2242.04,2276.82,12585903,23835238400.00
2020-10-23,2277.45,2299.51,2226.19,2231.29,12124082,23527800832.00
2020-10-26,2212.98,2260.28,2199.55,2247.25,10512457,20582162432.00
2020-10-27,2232.88,2263.21,2230.95,2261.98,10787681,21263968256.00
2020-10-28,2259.40,2276.05,2222.57,2268.68,11587029,25763516416.00
2020-10-29,2230.24,2278.42,2228.61,2263.68,12096899,27278022656.00
2020-10-30,2271.70,2360.90,2271.70,2301.62,16255070,46338580480.00
2020-11-02,2324.23,2375.04,2295.22,2369.78,13822501,39509585920.00
2020-11-03,2394.82,2442.49,2374.72,2414.27,15979790,43239313408.00
2020-11-04,2417.65,2429.96,2378.44,2386.52,13383189,36047159296.00
2020-11-05,2433.63,2441.23,2387.78,2419.86,11948964,33476816896.00
2020-11-06,2421.96,2463.46,2390.78,2463.42,14674540,42812256256.00
2020-11-09,2503.31,2676.78,2503.31,2645.43,24410082,74388127744.00
2020-11-10,2610.21,2639.74,2567.49,2578.35,20085331,59959054336.00
2020-11-11,2549.00,2562.13,2446.19,2447.86,15396150,49655541760.00
2020-11-12,2476.94,2481.70,2429.13,2448.65,11633025,32701251584.00
2020-11-13,2432.43,2493.27,2409.94,2468.69,11279663,33770514432.00
2020-11-16,2476.18,2476.18,2430.71,2444.76,9715254,29230602240.00
2020-11-17,2441.02,2475.10,2367.61,2475.10,14350202,42574155776.00
2020-11-18,2446.73,2491.95,2434.70,2469.86,14764941,39645323264.00
2020-11-19,2442.23,2512.01,2437.30,2476.20,13461728,34266220544.00
2020-11-20,2475.02,2492.28,2451.32,2462.20,11478151,28062355456.00
2020-11-23,2450.88,2485.04,2428.86,2467.41,11318013,31299174400.00
2020-11-24,2466.08,2538.17,2466.08,2505.35,12982107,37452484608.00
2020-11-25,2509.30,2542.09,2492.90,2501.41,13113313,37437206528.00
2020-11-26,2499.41,2521.22,2463.92,2464.21,11891849,33834975232.00
2020-11-27,2459.65,2499.46,2443.87,2480.69,10997762,31070791680.00
2020-11-30,2497.50,2531.65,2458.70,2498.49,13163374,39857532928.00
2020-12-01,2480.41,2537.94,2480.41,2537.94,13277248,35302031360.00
2020-12-02,2545.17,2611.67,2544.94,2597.67,18777127,51127033856.00
2020-12-03,2599.55,2624.89,2567.96,2569.61,18049943,46287601664.00
2020-12-04,2555.38,2588.31,2541.50,2574.43,16002535,40404463616.00
2020-12-07,2628.46,2644.26,2573.32,2576.76,17261435,46431141888.00
2020-12-08,2569.76,2594.73,2562.74,2583.44,14715961,36701609984.00
2020-12-09,2569.23,2570.03,2498.63,2498.63,15872900,39878246400.00
2020-12-10,2491.99,2569.66,2491.13,2549.50,13192629,36992180224.00
2020-12-11,2548.94,2549.02,2497.50,2518.10,16897888,46799536128.00
2020-12-14,2526.56,2551.57,2495.58,2551.29,12775486,34971140096.00
2020-12-15,2547.60,2579.78,2489.88,2511.95,12955848,36413284352.00
2020-12-16,2509.72,2509.72,2467.40,2471.97,11290522,38369701888.00
2020-12-17,2466.89,2495.46,2436.02,2492.13,10733885,31664699392.00
2020-12-18,2532.24,2532.54,2472.81,2476.00,11667233,34079166464.00
2020-12-21,2456.40,2539.13,2441.27,2517.44,12956031,39835127808.00
2020-12-22,2496.29,2504.24,2418.35,2419.11,12722313,36671877120.00
2020-12-23,2422.75,2492.66,2418.28,2484.78,13977555,39033950208.00
2020-12-24,2483.93,2516.44,2456.56,2467.63,12538289,33647949824.00
2020-12-25,2455.16,2466.16,2428.46,2443.05,10282871,28924563456.00
2020-12-28,2435.95,2442.01,2404.33,2408.93,11072055,28349636608.00
2020-12-29,2407.41,2473.05,2403.96,2425.58,10842201,31030394880.00
2020-12-30,2411.16,2472.19,2398.77,2456.72,11146476,32912963584.00
2020-12-31,2469.02,2511.67,2467.09,2499.91,11409836,36408532992.00
2021-01-04,2507.75,2546.27,2491.24,2537.03,13051084,40012070912.00
2021-01-05,2522.45,2663.66,2517.75,2663.08,17290392,54561734656.00
2021-01-06,2694.10,2694.10,2611.80,2631.40,15007333,49537191936.00
2021-01-07,2632.79,2637.20,2581.79,2628.45,15125187,46492549120.00
2021-01-08,2631.49,2656.86,2599.60,2655.97,13136405,41763459072.00
2021-01-11,2697.70,2796.00,2675.22,2701.85,16484849,57029496832.00
2021-01-12,2685.02,2779.43,2683.87,2779.24,14189363,47703326720.00
2021-01-13,2782.41,2836.47,2765.70,2817.34,17960187,61789335552.00
2021-01-14,2828.15,2911.45,2778.42,2820.91,20739010,73689079808.00
2021-01-15,2831.71,2863.00,2734.96,2766.17,15500047,59071938560.00
2021-01-18,2769.05,2942.16,2761.82,2916.08,16526162,60106821632.00
2021-01-19,2913.00,2923.77,2843.31,2859.73,17029851,58997088256.00
2021-01-20,2866.79,2895.06,2830.54,2877.29,14223583,44167479296.00
2021-01-21,2872.51,2904.11,2835.02,2874.16,13836617,45642141696.00
2021-01-22,2875.69,2892.67,2779.71,2833.39,14692435,50536534016.00
2021-01-25,2788.31,2838.54,2753.15,2805.11,15645787,52806660096.00
2021-01-26,2789.07,2811.94,2716.92,2737.11,12778942,44766449664.00
2021-01-27,2746.43,2758.68,2672.27,2721.29,10766489,37099085824.00
2021-01-28,2678.44,2708.90,2608.70,2609.91,10681724,33911623680.00
2021-01-29,2644.49,2647.95,2537.53,2579.18,12022283,33814745088.00
2021-02-01,2583.24,2614.43,2573.16,2613.05,9123957,26893928448.00
2021-02-02,2628.47,2645.58,2596.14,2640.30,8288087,27079118848.00
2021-02-03,2633.91,2634.37,2535.65,2535.82,11929826,34569924608.00
2021-02-04,2505.30,2550.09,2422.70,2533.70,12572249,38815559680.00
2021-02-05,2531.43,2532.22,2452.21,2452.36,9600714,29094320128.00
2021-02-08,2466.68,2548.26,2456.61,2525.18,7462871,24021600256.00
2021-02-09,2534.93,2576.66,2523.85,2569.78,8112945,25468254208.00
2021-02-10,2572.27,2598.65,2538.67,2583.69,8218820,24866785280.00
2021-02-18,2633.64,2712.44,2610.03,2662.01,11827296,37055627264.00
2021-02-19,2645.65,2686.17,2606.50,2675.96,10812244,32611393536.00
2021-02-22,2673.17,2700.22,2606.72,2606.89,12395742,36094869504.00
2021-02-23,2566.47,2617.79,2549.45,2584.68,8623225,25449383936.00
2021-02-24,2589.29,2680.47,2580.97,2612.78,11514869,33775386624.00
2021-02-25,2625.45,2635.06,2570.82,2572.85,9758357,26059503616.00
2021-02-26,2513.47,2570.08,2508.13,2530.58,8737077,25941268480.00
2021-03-01,2562.26,2633.28,2557.40,2632.47,9834486,29146671104.00
2021-03-02,2669.72,2684.01,2628.03,2665.48,10373735,34940452864.00
2021-03-03,2647.27,2656.54,2604.59,2656.38,8708126,26937079808.00
2021-03-04,2642.58,2685.26,2562.60,2569.03,10755214,33027274752.00
2021-03-05,2509.61,2571.36,2507.21,2542.07,9422458,23685588992.00
2021-03-08,2560.64,2577.26,2444.77,2447.63,9726805,27105476608.00
2021-03-09,2437.34,2443.12,2319.71,2331.81,10665043,27847026688.00
2021-03-10,2376.70,2383.03,2312.88,2315.65,7355125,19115534336.00
2021-03-11,2316.50,2423.38,2299.41,2400.09,10217742,26661216256.00
2021-03-12,2405.92,2405.92,2356.53,2372.04,9007514,22154934272.00
2021-03-15,2340.23,2340.23,2266.02,2281.14,8415228,23124178944.00
2021-03-16,2292.17,2302.37,2228.36,2256.41,8830568,22342938624.00
2021-03-17,2261.41,2311.49,2249.98,2309.96,8511003,20960325632.00
2021-03-18,2318.81,2324.82,2297.24,2308.18,9177696,21476564992.00
2021-03-19,2278.16,2319.02,2267.06,2287.86,8254641,21242146816.00
2021-03-22,2286.13,2301.03,2264.96,2298.77,7764296,18999865344.00
2021-03-23,2309.92,2343.68,2281.09,2294.61,9243036,21636751360.00
2021-03-24,2276.52,2279.32,2233.26,2235.65,6896115,16655940608.00
2021-03-25,2221.19,2274.60,2217.64,2251.08,6075910,14914159616.00
2021-03-26,2266.96,2298.49,2252.00,2289.97,6600141,16643016704.00
2021-03-29,2306.05,2329.96,2288.96,2295.78,6977758,17294419968.00
2021-03-30,2294.47,2309.01,2282.12,2290.31,6916340,17227223040.00
2021-03-31,2288.85,2288.85,2252.40,2272.55,6057196,14748997632.00
2021-04-01,2287.07,2370.16,2286.78,2363.53,9434098,26764429312.00
2021-04-02,2392.85,2498.87,2392.85,2495.01,14989293,41604534272.00
2021-04-06,2521.18,2526.09,2468.77,2485.41,11754047,29479901184.00
2021-04-07,2491.01,2503.23,2449.28,2500.15,9556741,27665739776.00
2021-04-08,2477.63,2531.83,2466.76,2484.09,8550658,23680092160.00
2021-04-09,2481.41,2504.03,2455.28,2461.58,7091037,20244774912.00
2021-04-12,2465.52,2499.13,2409.39,2418.17,7719255,23106510848.00
2021-04-13,2413.61,2444.01,2392.04,2404.19,6696893,19053690880.00
2021-04-14,2405.97,2421.90,2392.28,2415.89,6255702,16867230720.00
2021-04-15,2408.30,2408.30,2364.62,2405.32,6547165,18655336448.00
2021-04-16,2413.59,2419.65,2378.87,2397.05,6866137,18155175936.00
2021-04-19,2392.27,2467.56,2369.64,2465.69,9396621,26676686848.00
2021-04-20,2448.73,2465.85,2436.33,2437.59,8530169,22296743936.00
2021-04-21,2422.56,2440.68,2406.63,2431.82,7528440,18218682368.00
2021-04-22,2440.42,2480.49,2428.89,2464.69,10084284,25977323520.00
2021-04-23,2469.73,2505.68,2456.98,2489.74,8498746,24642220032.00
2021-04-26,2502.80,2556.19,2489.95,2489.95,12142593,33280722944.00
2021-04-27,2492.14,2506.06,2451.56,2469.56,9169707,24097474560.00
2021-04-28,2465.39,2500.63,2437.99,2497.69,9367714,27979184128.00
2021-04-29,2509.48,2561.29,2500.42,2519.26,12202672,33167153152.00
2021-04-30,2512.80,2534.35,2499.25,2513.90,10789650,31166240768.00
2021-05-06,2492.26,2528.98,2478.43,2492.06,9099496,25821898752.00
2021-05-07,2498.65,2517.18,2367.27,2367.27,10423137,31080019968.00
2021-05-10,2357.00,2372.41,2329.82,2341.51,8944710,23846195200.00
2021-05-11,2317.94,2364.20,2295.83,2363.60,7564457,21418909696.00
2021-05-12,2350.63,2396.55,2313.73,2394.35,9299029,24497747968.00
2021-05-13,2351.31,2420.71,2349.32,2387.72,10965253,27152168960.00
2021-05-14,2404.35,2428.02,2368.95,2425.25,9224742,24042506240.00
2021-05-17,2431.81,2482.33,2431.52,2447.98,10876795,27871004672.00
2021-05-18,2426.82,2447.38,2420.22,2435.91,9079352,22158733312.00
2021-05-19,2428.14,2464.98,2418.83,2460.53,9156601,23180965888.00
2021-05-20,2451.20,2464.10,2436.86,2449.43,9235837,23715571712.00
2021-05-21,2461.98,2473.50,2424.16,2425.35,8933042,21591105536.00
2021-05-24,2417.49,2448.02,2381.80,2447.27,10036258,25793916928.00
2021-05-25,2454.69,2526.58,2448.03,2523.09,10934718,31629537280.00
2021-05-26,2530.29,2540.08,2496.07,2498.46,10768458,26400303104.00
2021-05-27,2497.02,2639.28,2495.04,2611.19,17152501,48965316608.00
2021-05-28,2605.32,2628.11,2582.06,2595.36,27660527,45620658176.00
2021-05-31,2622.39,2670.37,2622.39,2659.96,21234791,40527527936.00
2021-06-01,2650.81,2737.01,2634.36,2696.05,20637524,44882976768.00
2021-06-02,2700.00,2706.53,2645.58,2662.13,17108694,37678428160.00
2021-06-03,2658.03,2673.99,2612.27,2631.84,13492450,29988464640.00
2021-06-04,2617.93,2723.58,2615.04,2694.13,15765670,39561322496.00
2021-06-07,2749.82,2802.67,2743.98,2763.60,21158703,53481918464.00
2021-06-08,2774.52,2774.52,2719.39,2736.60,18111587,45151240192.00
2021-06-09,2725.51,2776.78,2723.78,2753.08,14265764,37257437184.00
2021-06-10,2747.14,2806.16,2744.33,2800.23,17790774,45319012352.00
2021-06-11,2793.06,2798.68,2735.15,2736.08,16896102,44903624704.00
2021-06-15,2737.98,2828.89,2737.39,2794.17,17972929,44958322688.00
2021-06-16,2810.29,2857.24,2727.89,2729.99,19591476,49076973568.00
2021-06-17,2734.53,2973.93,2734.53,2956.96,30082956,80622092288.00
2021-06-18,2979.80,3012.71,2922.78,2972.27,27400344,82689589248.00
2021-06-21,2958.95,3013.73,2942.06,2984.20,23087062,68779515904.00
2021-06-22,2997.10,3025.25,2935.00,2999.50,24370163,63509647360.00
2021-06-23,2996.41,3189.03,2994.70,3149.67,28521795,85911453696.00
2021-06-24,3135.04,3149.11,3066.11,3094.56,22086339,63911497728.00
2021-06-25,3094.21,3142.69,3061.54,3139.33,23761401,67271233536.00
2021-06-28,3151.12,3230.48,3129.59,3176.80,22222777,68457631744.00
2021-06-29,3164.27,3191.32,3105.42,3152.00,19543053,61375750144.00
2021-06-30,3188.93,3337.41,3188.93,3307.58,23395291,78310154240.00
2021-07-01,3316.94,3317.79,3219.83,3219.83,20907981,69134188544.00
2021-07-02,3201.47,3258.81,3171.03,3198.96,18597039,66348998656.00
2021-07-05,3249.14,3342.04,3221.25,3340.71,19971998,70647021568.00
2021-07-06,3350.71,3406.02,3208.85,3296.68,23514273,83776430080.00
2021-07-07,3227.68,3388.22,3175.94,3373.67,20310003,68802756608.00
2021-07-08,3372.23,3488.58,3370.67,3468.29,23265479,77447364608.00
2021-07-09,3427.24,3460.73,3336.37,3433.25,19464992,64042680320.00
2021-07-12,3449.22,3547.27,3393.15,3509.07,21228917,71505010688.00
2021-07-13,3479.71,3486.30,3329.93,3369.77,20820871,72483577856.00
2021-07-14,3344.55,3395.44,3303.78,3319.43,15978824,52799111168.00
2021-07-15,3311.14,3357.14,3284.81,3351.34,15074067,51291418624.00
2021-07-16,3357.54,3434.42,3305.61,3307.68,15813154,57860706304.00
2021-07-19,3268.10,3327.70,3253.26,3290.33,15575843,51016347648.00
2021-07-20,3263.19,3382.37,3254.95,3379.34,19831959,55993278464.00
2021-07-21,3405.00,3570.07,3393.82,3530.58,28163074,86904954880.00
2021-07-22,3543.08,3667.06,3491.67,3646.61,31811385,97764638720.00
2021-07-23,3645.23,3700.54,3619.58,3657.22,30247733,88012840960.00
2021-07-26,3662.52,3737.61,3540.95,3711.26,30439255,95256567808.00
2021-07-27,3725.30,4019.49,3699.90,3724.88,42397042,152462557184.00
2021-07-28,3644.91,3765.18,3477.64,3635.38,30362568,101912870912.00
2021-07-29,3731.07,3906.53,3661.19,3876.27,32836370,110462705664.00
2021-07-30,3833.29,3988.59,3825.57,3935.76,31814312,108433416192.00
2021-08-02,3911.03,3954.10,3742.20,3840.19,28403866,104970387456.00
2021-08-03,3783.61,3804.14,3565.29,3586.27,27935698,97049624576.00
2021-08-04,3595.71,3774.75,3595.71,3771.82,24015310,86233759744.00
2021-08-05,3736.55,3809.76,3686.20,3766.59,22909864,75311644672.00
2021-08-06,3828.28,3848.72,3676.64,3732.75,22950702,78935105536.00
2021-08-09,3657.99,3660.07,3514.11,3623.31,20493521,71674183680.00
2021-08-10,3614.22,3642.68,3498.77,3569.10,19695749,70188277760.00
2021-08-11,3560.94,3619.24,3512.51,3597.32,19472823,59728011264.00
2021-08-12,3583.65,3710.28,3583.46,3617.58,20199082,62565982208.00
2021-08-13,3575.84,3575.84,3468.70,3469.62,20064174,65874010112.00
2021-08-16,3452.87,3581.39,3422.73,3513.42,18084643,67073470464.00
2021-08-17,3505.13,3529.73,3344.08,3358.73,20188240,64564113408.00
2021-08-18,3386.37,3417.39,3335.59,3370.18,16541964,55804297216.00
2021-08-19,3376.53,3466.17,3353.02,3436.36,15554689,56784281600.00
2021-08-20,3434.34,3513.20,3413.48,3458.37,19406946,59761152000.00
2021-08-23,3478.42,3574.16,3441.07,3563.03,19610891,65146519552.00
2021-08-24,3568.71,3637.14,3521.98,3582.37,19517356,66394599424.00
2021-08-25,3603.77,3613.78,3503.22,3542.18,15415355,54008332288.00
2021-08-26,3549.85,3602.76,3484.42,3489.59,16686550,56603234304.00
2021-08-27,3470.31,3530.05,3467.49,3517.00,14957821,51108343808.00
2021-08-30,3539.68,3594.89,3455.63,3472.46,17065080,61839015936.00
2021-08-31,3423.33,3429.32,3317.10,3362.62,17054075,63619239936.00
2021-09-01,3352.90,3354.45,3231.89,3318.67,16973918,59805040640.00
2021-09-02,3307.57,3311.57,3220.83,3232.04,12552940,48959438848.00
2021-09-03,3219.61,3290.41,3169.14,3239.52,15851192,52745527296.00
2021-09-06,3230.31,3315.76,3203.00,3306.99,13052623,45713752064.00
2021-09-07,3302.35,3343.90,3285.71,3322.07,11939866,38986186752.00
2021-09-08,3314.01,3344.70,3288.02,3301.15,15072612,42056617984.00
2021-09-09,3286.62,3296.23,3227.25,3259.13,13597567,38454996992.00
2021-09-10,3260.85,3422.91,3237.66,3388.17,17036437,60223963136.00
2021-09-13,3359.66,3371.31,3253.73,3268.99,13263182,46804496384.00
2021-09-14,3263.02,3341.24,3255.18,3287.22,12610010,42675064832.00
2021-09-15,3286.44,3318.07,3237.52,3269.88,10805760,38804393984.00
2021-09-16,3253.71,3261.60,3152.41,3153.42,11763971,39545245696.00
2021-09-17,3155.80,3208.59,3119.22,3178.82,9356616,30862641152.00
2021-09-22,3143.91,3245.82,3142.15,3216.51,7978121,31215454208.00
2021-09-23,3233.10,3322.43,3189.24,3268.65,10554847,40297553920.00
2021-09-24,3257.72,3293.97,3232.69,3241.08,11047009,36412112896.00
2021-09-27,3276.79,3318.75,3209.27,3236.00,11844488,40543580160.00
2021-09-28,3215.15,3299.05,3180.47,3229.74,9143520,33784692736.00
2021-09-29,3189.25,3209.39,3136.75,3152.64,10218182,34591870976.00
2021-09-30,3152.80,3207.76,3149.93,3190.77,8573738,30573271040.00
2021-10-08,3240.72,3281.83,3187.36,3196.67,10711353,38856118272.00
2021-10-11,3200.81,3239.93,3159.99,3168.38,10298053,35176845312.00
2021-10-12,3153.23,3182.43,3051.04,3074.02,9929614,34557796352.00
2021-10-13,3083.00,3178.41,3071.77,3172.58,10064476,33309995008.00
2021-10-14,3160.29,3192.06,3156.77,3172.51,9187492,30058418176.00
2021-10-15,3181.39,3285.69,3154.77,3267.33,13617802,52154953728.00
2021-10-18,3251.87,3251.87,3174.98,3222.84,11674574,45879791616.00
2021-10-19,3217.52,3237.00,3189.65,3216.94,9822087,36240130048.00
2021-10-20,3227.06,3241.92,3208.90,3211.53,9144757,32795523072.00
2021-10-21,3209.49,3210.49,3134.97,3148.23,9382450,32935254016.00
2021-10-22,3170.34,3267.08,3168.14,3239.69,10928353,45647265792.00
2021-10-25,3235.32,3268.07,3205.63,3267.89,9125964,37138993152.00
2021-10-26,3271.88,3311.64,3235.65,3278.75,12661766,47025926144.00
2021-10-27,3270.28,3270.28,3209.09,3223.79,11713633,40901971968.00
2021-10-28,3237.17,3276.29,3201.76,3214.91,10861175,44283654144.00
2021-10-29,3219.25,3323.95,3219.25,3304.27,14357445,53355106304.00
2021-11-01,3291.50,3344.20,3283.85,3326.84,14594948,55366209536.00
2021-11-02,3338.39,3455.18,3337.31,3411.94,17267903,63553044480.00
2021-11-03,3423.30,3461.35,3351.11,3392.41,11435109,45167935488.00
2021-11-04,3409.49,3468.66,3391.34,3433.12,12623598,46534615040.00
2021-11-05,3477.85,3507.72,3434.88,3435.13,15737615,49180172288.00
2021-11-08,3403.60,3404.39,3320.62,3383.89,13357289,41940701184.00
2021-11-09,3379.29,3487.29,3363.65,3474.35,14644624,49233739776.00
2021-11-10,3447.44,3511.49,3439.84,3505.32,16218904,47832698880.00
2021-11-11,3475.70,3650.77,3470.38,3593.93,17711047,67134435328.00
2021-11-12,3557.57,3582.72,3534.79,3570.08,15912814,56500432896.00
2021-11-15,3574.31,3596.46,3521.49,3532.26,13400417,46406164480.00
2021-11-16,3512.39,3556.90,3464.78,3469.23,14884874,45005574144.00
2021-11-17,3467.67,3495.70,3429.87,3495.31,12104930,37678387200.00
2021-11-18,3476.41,3515.41,3443.05,3451.12,12502740,41062002688.00
2021-11-19,3449.37,3485.95,3425.46,3480.13,11708069,39503953920.00
2021-11-22,3480.86,3645.99,3480.86,3645.31,19712724,70287769600.00
2021-11-23,3639.95,3669.26,3627.61,3632.25,18596777,65230065664.00
2021-11-24,3628.18,3699.31,3621.63,3623.38,15056321,57225129984.00
2021-11-25,3600.44,3682.68,3591.78,3624.88,16667509,60802621440.00
2021-11-26,3603.24,3604.10,3515.05,3528.08,13857422,51945000960.00
2021-11-29,3473.59,3549.74,3466.08,3527.40,12185157,45097185280.00
2021-11-30,3553.38,3587.28,3528.73,3550.51,13619676,49240686592.00
2021-12-01,3540.38,3617.02,3524.67,3543.64,13013559,47486521344.00
2021-12-02,3564.16,3598.86,3558.36,3563.30,12737499,48755363840.00
2021-12-03,3578.63,3681.97,3576.64,3647.89,12898332,57580220416.00
2021-12-06,3651.58,3651.99,3554.31,3557.81,11690539,45815152640.00
2021-12-07,3586.13,3587.91,3456.01,3470.38,11027863,43820220416.00
2021-12-08,3498.33,3577.30,3498.33,3576.95,10932524,46035689472.00
2021-12-09,3595.63,3613.10,3574.13,3604.30,17199334,54465429504.00
2021-12-10,3592.38,3597.13,3538.52,3570.98,15689876,56585977856.00
2021-12-13,3567.78,3598.76,3545.49,3583.09,11530201,41479839744.00
2021-12-14,3571.06,3588.00,3544.47,3575.98,10017838,35303243776.00
2021-12-15,3572.35,3584.71,3525.22,3526.12,10666638,36082253824.00
2021-12-16,3541.19,3572.27,3527.92,3534.48,10274474,35212025856.00
2021-12-17,3511.74,3517.01,3416.39,3420.11,12110842,40735612928.00
2021-12-20,3404.98,3436.32,3356.30,3357.28,9341809,31973285888.00
2021-12-21,3365.47,3398.38,3343.65,3394.68,7911899,27504871424.00
2021-12-22,3414.51,3492.40,3414.51,3446.48,10760215,39004971008.00
2021-12-23,3445.02,3462.14,3420.87,3442.84,8117673,28824520704.00
2021-12-24,3450.13,3479.98,3412.17,3418.75,8815094,33474967552.00
2021-12-27,3425.56,3438.55,3392.08,3407.46,6242579,24585295872.00
2021-12-28,3424.02,3439.57,3394.86,3426.78,6813877,26228076544.00
2021-12-29,3427.80,3427.80,3361.31,3378.95,7009711,25311578112.00
2021-12-30,3372.14,3480.41,3371.79,3454.46,9073582,33341788160.00
2021-12-31,3456.67,3467.15,3429.55,3462.82,7611081,28720304128.00
2022-01-04,3469.09,3479.83,3364.24,3399.73,10442185,34614935552.00
2022-01-05,3392.94,3395.86,3237.82,3257.17,11135472,38651047936.00
2022-01-06,3231.54,3268.88,3189.90,3241.99,8945104,31040262144.00
2022-01-07,3242.98,3282.41,3190.13,3192.75,9303210,31000571904.00
2022-01-10,3181.13,3190.16,3115.43,3171.70,8831690,29773238272.00
2022-01-11,3164.32,3166.35,3089.16,3096.37,7365395,27017408512.00
2022-01-12,3122.49,3163.41,3108.41,3151.27,7665267,30727247872.00
2022-01-13,3153.26,3153.26,3090.60,3090.60,7335540,26580637696.00
2022-01-14,3075.28,3168.75,3070.14,3141.98,9633305,34607235072.00
2022-01-17,3151.46,3236.71,3151.16,3227.03,9810080,35057766400.00
2022-01-18,3228.54,3310.77,3213.98,3261.35,10620489,35871293440.00
2022-01-19,3235.70,3248.29,3188.90,3205.23,7631294,26221549568.00
2022-01-20,3203.83,3229.22,3160.77,3160.77,8753621,26214078464.00
2022-01-21,3145.34,3164.23,3090.41,3093.02,7409116,24957118464.00
2022-01-24,3081.30,3135.05,3078.26,3121.32,7577177,26135238656.00
2022-01-25,3121.51,3137.22,3028.19,3029.40,8594640,29191788544.00
2022-01-26,3037.25,3081.82,3015.61,3060.49,5960915,23415662592.00
2022-01-27,3057.50,3069.68,2943.52,2944.64,6924418,25699684352.00
2022-01-28,2963.47,2979.99,2889.55,2895.12,6372072,23680937984.00
2022-02-07,2944.78,2979.54,2887.75,2895.68,6149721,22467227648.00
2022-02-08,2892.33,2892.42,2775.04,2828.97,6103132,25523267584.00
2022-02-09,2826.81,2851.42,2792.52,2849.91,6074807,23099238400.00
2022-02-10,2866.54,2882.19,2834.31,2849.72,6006222,23007291392.00
2022-02-11,2829.60,2858.11,2788.27,2795.12,6134741,21287770112.00
2022-02-14,2766.59,2819.45,2736.45,2783.60,4841076,17894256640.00
2022-02-15,2796.22,2877.79,2793.99,2877.04,6765654,23921291264.00
2022-02-16,2898.06,2903.39,2851.77,2857.75,5658028,19245860864.00
2022-02-17,2850.36,2919.83,2843.60,2888.44,6405295,22848274432.00
2022-02-18,2862.01,2878.77,2849.28,2863.25,5045003,17094726656.00
2022-02-21,2858.42,2877.59,2842.75,2851.54,6180585,18095194112.00
2022-02-22,2835.64,2879.38,2784.04,2861.39,7110240,24301195264.00
2022-02-23,2858.67,3025.48,2857.87,3020.98,11364887,42974142464.00
2022-02-24,3007.28,3040.78,2937.58,2983.32,12783105,42536275968.00
2022-02-25,3038.89,3059.47,2997.90,3008.04,8015025,31365679104.00
2022-02-28,3005.00,3037.81,2989.66,3020.41,6580875,24611063808.00
2022-03-01,3025.47,3033.23,3000.53,3026.05,6425523,22515681280.00
2022-03-02,2997.12,2997.12,2955.61,2979.83,5614565,21344264192.00
2022-03-03,3000.56,3006.90,2917.62,2919.67,5930245,21767155712.00
2022-03-04,2895.81,3005.20,2888.27,2940.84,7074168,29242683392.00
2022-03-07,2921.34,2922.31,2814.29,2825.90,7679070,28254212096.00
2022-03-08,2829.37,2912.55,2790.71,2845.54,8684842,33685923840.00
2022-03-09,2871.69,2929.70,2782.06,2889.77,10612629,40747499520.00
2022-03-10,2970.49,2989.08,2908.19,2911.26,9432165,39877582848.00
2022-03-11,2855.92,2909.05,2829.03,2908.52,8547261,32003510272.00
2022-03-14,2866.92,2881.49,2806.69,2806.69,6690546,24981291008.00
2022-03-15,2768.82,2851.55,2719.71,2719.84,9085182,34582769664.00
2022-03-16,2779.48,2876.64,2688.44,2874.91,10239280,41113899008.00
2022-03-17,2923.68,2980.15,2899.82,2899.91,10459721,45949218816.00
2022-03-18,2885.60,2912.33,2870.92,2894.46,6126553,25181317120.00
2022-03-21,2894.63,2931.95,2872.66,2918.09,7176145,28431761408.00
2022-03-22,2912.13,2921.93,2872.38,2880.02,5799696,22688350208.00
2022-03-23,2887.58,2890.53,2849.04,2870.60,6114459,23055874048.00
2022-03-24,2847.62,2847.62,2786.88,2805.75,5909439,21960726528.00
2022-03-25,2827.85,2853.34,2771.86,2772.16,6140358,22516166656.00
2022-03-28,2735.51,2763.54,2726.54,2742.96,5588627,19554039808.00
2022-03-29,2748.23,2757.19,2663.81,2672.41,6186799,23157454848.00
2022-03-30,2691.60,2730.97,2684.45,2730.90,6037146,23541145600.00
2022-03-31,2713.61,2713.61,2656.15,2660.71,6773081,24130881536.00
2022-04-01,2649.95,2700.81,2629.47,2666.01,6628323,22583283712.00
2022-04-06,2656.46,2656.46,2564.27,2580.76,6886654,25416534016.00
2022-04-07,2567.67,2596.79,2525.37,2525.37,7107021,20996251648.00
2022-04-08,2530.72,2565.55,2486.76,2528.71,6904841,21804500992.00
2022-04-11,2508.37,2508.37,2394.99,2405.51,7272990,23092330496.00
2022-04-12,2401.06,2425.69,2356.64,2425.06,6770804,21658404864.00
2022-04-13,2410.66,2411.82,2361.60,2361.60,5459878,17639104512.00
2022-04-14,2384.59,2451.41,2347.04,2427.08,6391661,24687491072.00
2022-04-15,2394.13,2439.78,2373.85,2420.65,6006459,21291890688.00
2022-04-18,2403.80,2506.89,2400.83,2506.40,6703642,25126830080.00
2022-04-19,2492.86,2503.72,2433.77,2441.26,5795543,21713911808.00
2022-04-20,2444.07,2466.14,2410.69,2413.86,5656704,21007939584.00
2022-04-21,2397.95,2461.49,2360.02,2366.62,6873766,22585585664.00
2022-04-22,2345.33,2374.69,2290.49,2302.42,6861063,26033936384.00
2022-04-25,2250.00,2254.24,2123.32,2123.43,9175148,25818521600.00
2022-04-26,2123.88,2151.11,2049.06,2053.69,8300688,22325637120.00
2022-04-27,2024.44,2200.05,2023.39,2196.32,9607860,27017328640.00
2022-04-28,2174.52,2184.39,2122.28,2148.05,8056805,24018036736.00
2022-04-29,2177.16,2240.88,2145.19,2225.48,9157446,27498305536.00
2022-05-05,2219.67,2266.68,2207.90,2235.10,7776484,25999521792.00
2022-05-06,2169.20,2210.85,2164.34,2169.35,6180442,19236941824.00
2022-05-09,2159.50,2189.39,2140.53,2150.91,6180018,16695580672.00
2022-05-10,2122.72,2270.99,2116.43,2243.86,8903753,29083004928.00
2022-05-11,2244.09,2383.18,2241.88,2321.18,12228043,39318052864.00
2022-05-12,2304.14,2382.03,2302.44,2354.02,10370792,29801388032.00
2022-05-13,2365.50,2375.51,2324.05,2351.58,7583422,22942593024.00
2022-05-16,2367.55,2387.30,2316.14,2322.20,6720982,20212613120.00
2022-05-17,2324.67,2418.51,2315.36,2412.97,8515972,29350150144.00
2022-05-18,2421.88,2446.92,2409.39,2423.05,7875659,26001883136.00
2022-05-19,2382.86,2467.57,2377.56,2463.25,8944428,28965382144.00
2022-05-20,2469.62,2491.72,2437.74,2473.43,8324957,25956542464.00
2022-05-23,2493.70,2506.43,2459.39,2502.97,7478619,25840603136.00
2022-05-24,2491.24,2519.52,2397.38,2397.74,10207232,29088411648.00
2022-05-25,2397.58,2437.88,2379.08,2402.04,6628012,20778586112.00
2022-05-26,2402.30,2403.17,2337.60,2379.85,6750592,22278903808.00
2022-05-27,2399.01,2426.51,2348.91,2363.39,6566834,20157237248.00
2022-05-30,2372.45,2421.97,2351.36,2405.85,6507556,21548328960.00
2022-05-31,2404.90,2465.39,2367.58,2465.36,10389769,31181277184.00
2022-06-01,2455.11,2492.14,2449.01,2465.37,8402684,26845290496.00
2022-06-02,2461.20,2566.98,2451.17,2563.71,11438828,38568071168.00
2022-06-06,2569.09,2627.68,2551.60,2623.14,12455996,43217027072.00
2022-06-07,2619.37,2619.37,2546.61,2561.97,10646534,36092416000.00
2022-06-08,2559.75,2598.96,2516.16,2557.48,9378163,34816741376.00
2022-06-09,2558.06,2559.31,2456.74,2470.43,8614787,31665905664.00
2022-06-10,2451.18,2509.64,2449.69,2507.64,9399474,35617161216.00
2022-06-13,2477.47,2504.17,2445.41,2471.31,8668305,32441880576.00
2022-06-14,2441.77,2441.77,2340.74,2414.14,9537008,34207942656.00
2022-06-15,2413.51,2495.50,2413.13,2449.93,12501357,37732675584.00
2022-06-16,2455.85,2535.01,2455.85,2500.36,13353656,40177283072.00
2022-06-17,2476.03,2489.11,2431.84,2484.99,10493917,34633310208.00
2022-06-20,2493.27,2551.12,2475.49,2520.33,11174502,38629134336.00
2022-06-21,2515.74,2532.17,2478.94,2502.75,9963548,34621652992.00
2022-06-22,2511.67,2512.48,2427.33,2427.33,9920847,35129769984.00
2022-06-23,2422.99,2499.72,2422.99,2499.72,13167115,39540965376.00
2022-06-24,2509.53,2563.51,2497.35,2542.21,14002178,45862031360.00
2022-06-27,2557.25,2598.75,2557.25,2573.79,13112962,45360025600.00
2022-06-28,2574.73,2675.50,2520.10,2665.44,17251092,58944626688.00
2022-06-29,2651.94,2724.11,2620.49,2620.49,19630052,65921626112.00
2022-06-30,2619.73,2699.15,2619.73,2679.22,16131274,51417845760.00
2022-07-01,2684.59,2703.35,2647.56,2658.04,13693155,42988326912.00
2022-07-04,2612.03,2612.03,2528.39,2568.41,13553115,48100585472.00
2022-07-05,2569.66,2603.89,2524.66,2561.64,12340501,38995386368.00
2022-07-06,2556.79,2665.53,2554.15,2603.28,12945559,48120483840.00
2022-07-07,2606.11,2612.86,2554.33,2591.90,10120842,38687477760.00
2022-07-08,2608.00,2665.64,2601.66,2616.87,11661597,44829630464.00
2022-07-11,2599.42,2599.42,2530.38,2545.54,10577747,38728105984.00
2022-07-12,2547.25,2560.46,2451.70,2451.77,10071549,37065474048.00
2022-07-13,2450.27,2469.10,2404.86,2427.11,7751639,27683198976.00
2022-07-14,2420.01,2475.23,2417.73,2446.81,8172896,27533189120.00
2022-07-15,2442.61,2505.02,2435.54,2446.98,9430581,33224970240.00
2022-07-18,2455.05,2460.23,2394.69,2445.54,9414839,33358405632.00
2022-07-19,2440.05,2458.08,2406.00,2435.84,8793850,29668007936.00
2022-07-20,2452.34,2493.06,2452.27,2460.49,11029061,34544685056.00
2022-07-21,2454.72,2558.66,2439.43,2518.71,13617096,48104660992.00
2022-07-22,2537.26,2538.12,2463.95,2482.43,12121750,37353562112.00
2022-07-25,2470.94,2499.63,2445.09,2451.33,9116441,28544049152.00
2022-07-26,2451.61,2460.77,2412.30,2460.20,8605410,25347233792.00
2022-07-27,2446.73,2459.47,2422.31,2431.63,8183459,25379997696.00
2022-07-28,2455.12,2512.58,2455.12,2493.70,13046522,39017857024.00
2022-07-29,2493.30,2493.50,2434.43,2435.77,12061894,39631253504.00
2022-08-01,2417.76,2470.43,2367.95,2470.43,10648042,35181715456.00
2022-08-02,2434.78,2506.34,2405.99,2456.61,14150819,45215191040.00
2022-08-03,2468.78,2599.18,2464.26,2533.40,18100651,61806870528.00
2022-08-04,2553.44,2614.68,2544.41,2595.32,17839744,55342641152.00
2022-08-05,2609.56,2783.38,2595.17,2781.64,28912530,98118205440.00
2022-08-08,2807.65,2822.15,2722.50,2755.25,26707317,93240164352.00
2022-08-09,2728.78,2791.12,2675.64,2785.62,23772227,75902132224.00
2022-08-10,2738.30,2820.64,2725.01,2758.73,24139911,74677649408.00
2022-08-11,2773.01,2831.86,2772.32,2806.07,26724222,74046849024.00
2022-08-12,2795.93,2820.01,2736.91,2736.91,24052504,73725009920.00
2022-08-15,2736.88,2763.00,2717.14,2720.83,18922119,57108516864.00
2022-08-16,2715.08,2741.34,2682.23,2693.42,18609655,55747252224.00
2022-08-17,2690.51,2710.22,2664.90,2701.94,18558413,52621774848.00
2022-08-18,2691.19,2752.55,2670.53,2741.72,23615261,66885222400.00
2022-08-19,2734.29,2795.59,2665.93,2665.93,22449906,63862935552.00
2022-08-22,2652.86,2682.98,2623.43,2664.72,15110085,41923563520.00
2022-08-23,2655.91,2673.03,2630.12,2638.13,13727875,41024303104.00
2022-08-24,2637.33,2638.52,2517.70,2521.17,17134128,50432442368.00
2022-08-25,2527.60,2537.46,2461.40,2491.82,13713066,38780518400.00
2022-08-26,2502.55,2510.28,2454.07,2457.64,11000415,31853445120.00
2022-08-29,2417.52,2486.97,2413.49,2466.33,9458290,30268166144.00
2022-08-30,2467.20,2507.36,2460.35,2479.43,9754101,30640148480.00
2022-08-31,2469.78,2489.07,2419.36,2441.96,12309992,35702751232.00
2022-09-01,2451.53,2481.38,2403.34,2409.21,9909311,31376728064.00
2022-09-02,2409.57,2465.49,2405.04,2448.64,11506533,33079406592.00
2022-09-05,2439.95,2451.54,2384.99,2428.96,10496287,32594569216.00
2022-09-06,2431.57,2448.72,2419.44,2445.59,9393606,28172351488.00
2022-09-07,2451.31,2538.64,2451.20,2514.83,13732533,45105790976.00
2022-09-08,2505.10,2516.66,2481.97,2482.62,9616277,30565941248.00
2022-09-09,2484.28,2488.57,2440.89,2468.35,7502927,25837056000.00
2022-09-13,2476.24,2520.15,2467.44,2470.02,6797062,24391940096.00
2022-09-14,2426.46,2480.70,2422.07,2470.76,7656681,28205068288.00
2022-09-15,2472.93,2475.00,2361.13,2390.39,10529054,35169099776.00
2022-09-16,2379.42,2426.02,2371.29,2371.29,8116056,30405597184.00
2022-09-19,2365.79,2405.31,2320.70,2329.11,7926880,28866220032.00
2022-09-20,2339.62,2352.30,2298.30,2324.70,7557968,25039296512.00
2022-09-21,2310.48,2310.65,2267.85,2282.60,7755233,25558411264.00
2022-09-22,2266.97,2302.31,2266.55,2278.95,6744232,24384903168.00
2022-09-23,2275.32,2285.36,2196.54,2208.29,7922776,26922285056.00
2022-09-26,2192.34,2238.49,2190.30,2209.64,6591012,22743652352.00
2022-09-27,2212.41,2256.05,2208.35,2256.05,7403498,25543770112.00
2022-09-28,2248.72,2248.72,2189.87,2189.87,6766566,21696905216.00
2022-09-29,2207.83,2228.37,2186.84,2196.07,6088938,20408643584.00
2022-09-30,2194.45,2197.57,2139.77,2140.07,5671535,19413325824.00
2022-10-10,2115.51,2115.51,1988.49,1990.67,7665923,28064544768.00
2022-10-11,1983.44,1985.44,1942.59,1948.85,6729164,26648805376.00
2022-10-12,1943.70,2029.80,1928.94,2029.24,9523898,34086656000.00
2022-10-13,2010.15,2052.84,2004.33,2018.46,7976156,28254175232.00
2022-10-14,2045.24,2072.83,2013.59,2068.74,8356270,30638915584.00
2022-10-17,2047.72,2125.18,2044.16,2116.92,8746079,31587213312.00
2022-10-18,2123.02,2123.85,2080.55,2095.65,7230228,24854925312.00
2022-10-19,2089.00,2112.97,2079.37,2080.96,6898306,23456282624.00
2022-10-20,2067.91,2207.30,2065.03,2183.70,14124586,48715108352.00
2022-10-21,2164.97,2181.12,2114.52,2149.07,12468545,37727592448.00
2022-10-24,2146.76,2207.71,2128.85,2145.76,11763293,36395565056.00
2022-10-25,2131.11,2170.77,2110.03,2128.79,10160809,31205646336.00
2022-10-26,2128.87,2205.35,2107.59,2191.43,12946263,40228282368.00
2022-10-27,2187.93,2239.70,2163.91,2196.72,15880160,45556588544.00
2022-10-28,2171.07,2239.72,2143.69,2152.01,15235888,45156634624.00
2022-10-31,2121.63,2218.42,2121.63,2199.09,13561019,43410837504.00
2022-11-01,2196.17,2232.16,2179.04,2228.61,13053987,40887537664.00
2022-11-02,2226.48,2273.05,2224.88,2244.56,15093811,45655179264.00
2022-11-03,2228.25,2328.62,2226.38,2323.35,16034054,51673817088.00
2022-11-04,2321.07,2356.85,2298.38,2344.33,15274383,50920062976.00
2022-11-07,2345.11,2375.42,2317.83,2323.71,15256436,47143653376.00
2022-11-08,2322.47,2335.37,2275.12,2295.31,11568767,34910662656.00
2022-11-09,2291.40,2308.29,2273.16,2279.14,10524838,31617339392.00
2022-11-10,2268.97,2293.97,2218.57,2219.68,14096699,43603128320.00
2022-11-11,2296.51,2320.59,2257.59,2258.06,15048362,47976345600.00
2022-11-14,2253.05,2305.17,2233.93,2267.51,11421415,37475909632.00
2022-11-15,2265.71,2428.64,2260.25,2419.38,20531881,68784644096.00
2022-11-16,2429.13,2429.13,2377.46,2384.75,15245991,52982198272.00
2022-11-17,2368.68,2452.48,2320.88,2445.77,16423903,59701608448.00
2022-11-18,2424.65,2457.28,2366.92,2370.25,13789483,46074617856.00
2022-11-21,2348.46,2386.97,2335.80,2357.32,9537967,31162140672.00
2022-11-22,2352.50,2393.11,2328.90,2337.92,11500400,36325355520.00
2022-11-23,2331.48,2346.35,2270.49,2314.26,10394264,32683659264.00
2022-11-24,2320.39,2335.01,2293.11,2296.17,7993415,24741349376.00
2022-11-25,2290.94,2337.27,2273.91,2274.25,7872399,26134722560.00
2022-11-28,2231.73,2265.44,2227.44,2244.67,7603382,24211525632.00
2022-11-29,2248.41,2294.21,2233.75,2282.28,8461790,28859916288.00
2022-11-30,2275.69,2299.63,2259.68,2276.68,8214597,27982569472.00
2022-12-01,2300.65,2341.90,2299.77,2304.50,9530530,34982764544.00
2022-12-02,2289.28,2316.91,2286.16,2286.22,7297513,25732622336.00
2022-12-05,2295.83,2309.60,2275.53,2301.55,8506544,27457585152.00
2022-12-06,2297.89,2382.01,2295.40,2357.48,13447473,43621273600.00
2022-12-07,2346.80,2346.85,2326.26,2332.55,10370045,31385008128.00
2022-12-08,2329.21,2330.62,2297.32,2299.57,8926391,26107101184.00
2022-12-09,2306.16,2347.98,2306.16,2326.93,11016259,39521230848.00
2022-12-12,2321.68,2395.98,2303.81,2371.75,12273714,41555509248.00
2022-12-13,2361.31,2361.73,2332.91,2335.65,8771831,29003988992.00
2022-12-14,2418.06,2430.99,2336.96,2339.34,15818482,52621635584.00
2022-12-15,2328.91,2408.02,2312.51,2378.07,16364206,45416206336.00
2022-12-16,2359.47,2359.47,2313.95,2324.00,12371383,34905698304.00
2022-12-19,2312.36,2327.85,2252.14,2258.44,9791966,26885376000.00
2022-12-20,2249.08,2286.64,2247.63,2258.76,8509733,23499460608.00
2022-12-21,2252.89,2269.32,2208.08,2225.42,8937888,25023500288.00
2022-12-22,2232.64,2236.18,2188.59,2193.22,7926282,21839294464.00
2022-12-23,2171.07,2184.16,2129.03,2146.19,8562131,25960941568.00
2022-12-26,2143.97,2211.31,2143.97,2204.66,7680947,24117420032.00
2022-12-27,2205.63,2228.02,2185.73,2224.60,7097666,22026319872.00
2022-12-28,2214.49,2217.78,2187.14,2188.06,6378590,19272937472.00
2022-12-29,2183.93,2207.76,2175.03,2181.55,6366828,18631194624.00
2022-12-30,2194.92,2203.35,2160.13,2166.16,6462551,18394916864.00
2023-01-03,2164.43,2207.49,2144.19,2205.66,7726518,23799734272.00
2023-01-04,2208.44,2242.68,2181.51,2193.97,9186831,28517685248.00
2023-01-05,2192.92,2222.76,2183.15,2212.33,8042906,25886824448.00
2023-01-06,2205.21,2245.18,2192.01,2218.57,9453943,28901515264.00
2023-01-09,2221.96,2271.16,2220.54,2232.83,8240360,27699761152.00
2023-01-10,2235.08,2287.03,2231.63,2260.29,10395200,33809399808.00
2023-01-11,2265.34,2304.22,2231.26,2233.17,10750727,36538490880.00
2023-01-12,2236.17,2237.46,2210.68,2226.54,7496881,22833319936.00
2023-01-13,2233.47,2238.48,2208.25,2228.04,6409437,20148598784.00
2023-01-16,2208.58,2311.84,2207.05,2295.24,9902896,40160358400.00
2023-01-17,2299.26,2368.54,2296.61,2349.21,10759156,40158875648.00
2023-01-18,2354.81,2356.74,2332.08,2342.56,7601530,24949766144.00
2023-01-19,2340.17,2399.66,2331.77,2399.66,9566697,33534021632.00
2023-01-20,2399.36,2406.41,2388.03,2403.24,7810355,26851774464.00
2023-01-30,2435.16,2437.68,2387.71,2395.20,11294509,37763858432.00
2023-01-31,2384.65,2393.41,2333.03,2336.47,10086260,35096068096.00
2023-02-01,2337.44,2391.32,2337.44,2382.81,12457664,36213284864.00
2023-02-02,2398.61,2457.24,2393.51,2421.13,13636628,47103750144.00
2023-02-03,2411.36,2443.88,2385.93,2424.10,10908661,34811252736.00
2023-02-06,2411.29,2427.56,2384.80,2393.49,8484784,29019291648.00
2023-02-07,2397.80,2401.59,2374.30,2387.77,9032131,28722526208.00
2023-02-08,2391.22,2423.38,2361.14,2363.16,9877654,29471121408.00
2023-02-09,2351.38,2464.40,2342.68,2464.40,17259767,52203122688.00
2023-02-10,2461.39,2487.22,2434.79,2450.79,14845631,45890699264.00
2023-02-13,2439.19,2480.53,2425.98,2466.58,12623937,41470828544.00
2023-02-14,2467.60,2518.95,2444.00,2456.86,14227536,44735520768.00
2023-02-15,2460.48,2493.65,2439.15,2492.50,13927301,43293458432.00
2023-02-16,2486.83,2521.59,2410.21,2426.53,16770003,52629721088.00
2023-02-17,2421.71,2430.84,2345.09,2345.15,11862046,39807463424.00
2023-02-20,2342.04,2374.84,2324.45,2373.43,10125581,32106633216.00
2023-02-21,2370.46,2391.07,2341.12,2361.52,8626484,27914557440.00
2023-02-22,2346.40,2380.75,2339.44,2363.30,7943807,24665571328.00
2023-02-23,2358.40,2372.69,2347.16,2358.80,8208022,24628680704.00
2023-02-24,2371.17,2384.30,2343.32,2351.45,9285502,28984041472.00
2023-02-27,2337.99,2347.85,2305.56,2312.78,10082776,30172028928.00
2023-02-28,2319.05,2339.91,2293.16,2322.87,8817338,26014930944.00
2023-03-01,2317.94,2346.74,2314.42,2342.74,11125522,31137132544.00
2023-03-02,2347.24,2366.90,2323.28,2325.32,11259131,32739231744.00
2023-03-03,2362.10,2395.79,2343.50,2384.05,15940321,52661960704.00
2023-03-06,2379.54,2412.29,2356.37,2394.04,14181989,46516932608.00
2023-03-07,2388.58,2399.02,2323.18,2323.18,13443869,37925568512.00
2023-03-08,2318.30,2352.58,2317.44,2347.58,11557634,30949066752.00
2023-03-09,2350.60,2405.03,2350.60,2378.26,14945798,45787570176.00
2023-03-10,2358.03,2403.46,2347.45,2362.79,15219112,45488652288.00
2023-03-13,2354.02,2373.62,2329.39,2361.71,12019336,36027076608.00
2023-03-14,2353.12,2441.61,2332.01,2431.10,20275914,65394331648.00
2023-03-15,2439.20,2482.84,2420.35,2425.89,19597971,62075858944.00
2023-03-16,2406.70,2451.44,2399.57,2407.57,18366417,54779785216.00
2023-03-17,2431.51,2462.89,2409.05,2445.09,19260375,63410941952.00
2023-03-20,2442.48,2517.36,2425.58,2498.47,21658539,74062118912.00
2023-03-21,2489.79,2511.01,2471.61,2497.11,15351083,51267092480.00
2023-03-22,2497.64,2509.28,2474.52,2500.58,15278034,51173629952.00
2023-03-23,2486.73,2587.05,2485.53,2587.05,23515382,85128937472.00
2023-03-24,2585.88,2593.21,2530.37,2557.75,19027916,73446612992.00
2023-03-27,2553.49,2571.20,2497.30,2520.72,18628253,65853452288.00
2023-03-28,2511.51,2520.47,2448.21,2449.90,16138656,54873751552.00
2023-03-29,2449.56,2561.87,2434.93,2529.87,18678631,72514584576.00
2023-03-30,2538.02,2580.56,2515.92,2549.70,19052263,74355359744.00
2023-03-31,2551.10,2571.52,2530.93,2564.87,17048620,62863360000.00
2023-04-03,2601.16,2676.78,2601.16,2675.70,24876673,100355727360.00
2023-04-04,2668.04,2774.68,2662.90,2723.65,32470950,119727652864.00
2023-04-06,2715.35,2920.48,2714.85,2843.95,39335259,147156664320.00
2023-04-07,2860.65,2898.75,2808.97,2866.26,29208055,107286716416.00
2023-04-10,2882.54,2909.18,2759.73,2775.22,28510074,118124445696.00
2023-04-11,2782.77,2818.34,2722.11,2773.26,21838752,94177632256.00
2023-04-12,2769.09,2836.31,2740.81,2816.76,22883997,95057330176.00
2023-04-13,2798.42,2816.78,2710.02,2712.62,21401119,88094646272.00
2023-04-14,2744.82,2844.75,2676.86,2842.36,24482548,110126530560.00
2023-04-17,2845.21,2877.19,2811.85,2825.78,20702144,93360185344.00
2023-04-18,2799.00,2804.07,2725.85,2767.97,19648723,80239427584.00
2023-04-19,2777.88,2837.88,2763.14,2778.51,22252948,93906075648.00
2023-04-20,2761.05,2856.32,2761.05,2846.76,22817209,103273259008.00
2023-04-21,2833.74,2834.03,2676.91,2676.91,26181544,104838987776.00
2023-04-24,2666.45,2682.51,2588.02,2606.79,18630631,80657408000.00
2023-04-25,2607.01,2622.55,2515.16,2541.25,19604227,80191717376.00
2023-04-26,2516.96,2542.19,2443.51,2473.49,17410426,72016265216.00
2023-04-27,2455.88,2534.91,2455.34,2478.94,16070069,60459483136.00
2023-04-28,2460.78,2533.10,2460.78,2519.92,16393067,64492466176.00
2023-05-04,2497.06,2508.02,2456.51,2462.07,14308730,53219745792.00
2023-05-05,2458.39,2493.12,2426.33,2432.33,16338702,52359901184.00
2023-05-08,2417.60,2458.18,2403.77,2427.63,13722276,46769094656.00
2023-05-09,2426.06,2444.60,2386.89,2386.89,15710231,54487961600.00
2023-05-10,2379.13,2393.96,2334.89,2364.69,18335994,47766339584.00
2023-05-11,2385.40,2402.82,2372.50,2381.07,14164015,39411716096.00
2023-05-12,2389.54,2428.15,2359.83,2361.37,16199892,46987825152.00
2023-05-15,2348.85,2381.45,2334.75,2381.45,14196476,43375915008.00
2023-05-16,2384.49,2428.44,2363.46,2405.13,16172538,50851131392.00
2023-05-17,2396.41,2452.23,2396.41,2425.66,15712089,46746128384.00
2023-05-18,2426.62,2450.11,2420.75,2432.80,14050011,44672905216.00
2023-05-19,2448.04,2503.97,2448.04,2486.40,21633543,75645165568.00
2023-05-22,2498.66,2515.16,2448.83,2462.22,16006413,54754152448.00
2023-05-23,2453.58,2453.60,2415.17,2415.17,12961860,42499059712.00
2023-05-24,2406.03,2465.04,2388.49,2425.99,15218426,55356522496.00
2023-05-25,2433.61,2457.21,2405.32,2451.03,14315535,50559676416.00
2023-05-26,2456.82,2495.55,2453.91,2485.15,13541522,54769643520.00
2023-05-29,2507.11,2537.46,2487.59,2502.21,17562279,66076872704.00
2023-05-30,2489.08,2512.00,2461.74,2510.13,15868894,58060165120.00
2023-05-31,2506.69,2541.60,2494.06,2541.59,18295723,64968458240.00
2023-06-01,2519.15,2547.88,2500.72,2522.32,17684063,62798553088.00
2023-06-02,2524.62,2539.92,2494.02,2519.38,14714498,54920962048.00
2023-06-05,2543.01,2587.56,2527.53,2528.86,14987529,61375184896.00
2023-06-06,2513.15,2513.36,2444.83,2450.65,16244141,55150698496.00
2023-06-07,2452.99,2479.53,2441.92,2461.01,14363632,49782996992.00
2023-06-08,2447.74,2447.74,2397.48,2406.24,14873396,47895797760.00
2023-06-09,2410.02,2446.64,2388.01,2446.64,19089294,64887480320.00
2023-06-12,2440.80,2469.18,2435.64,2448.35,16620408,55544221696.00
2023-06-13,2447.80,2522.42,2433.00,2516.42,19166517,67910283264.00
2023-06-14,2510.92,2523.30,2495.85,2511.71,17577550,58853617664.00
2023-06-15,2516.09,2523.27,2479.84,2493.15,15132768,55506165760.00
2023-06-16,2487.51,2520.70,2476.57,2518.47,17176936,54352629760.00
2023-06-19,2516.84,2548.66,2499.92,2538.19,19066544,66131656704.00
2023-06-20,2531.07,2545.37,2507.31,2529.48,16970632,64017014784.00
2023-06-21,2515.69,2516.12,2425.79,2427.11,17082486,61035384832.00
2023-06-26,2402.82,2437.52,2373.25,2396.73,14351146,48584937472.00
2023-06-27,2398.74,2424.68,2386.36,2393.30,11197123,36831096832.00
2023-06-28,2398.43,2415.95,2340.00,2380.44,13477839,49063256064.00
2023-06-29,2379.57,2418.47,2377.93,2380.34,11225702,41003155456.00
2023-06-30,2370.09,2414.30,2361.44,2404.56,12479635,44159983616.00
2023-07-03,2411.73,2439.52,2393.59,2412.03,13268648,46316249088.00
2023-07-04,2417.52,2495.62,2406.32,2471.14,16485759,57344126976.00
2023-07-05,2461.19,2480.70,2437.13,2441.31,13351746,49969885184.00
2023-07-06,2431.83,2466.38,2427.89,2442.02,12015031,44466352128.00
2023-07-07,2429.23,2429.23,2390.43,2402.14,10996762,39238782976.00
2023-07-10,2407.03,2429.25,2398.61,2406.08,9570959,33272688640.00
2023-07-11,2407.82,2469.95,2406.95,2469.63,12997509,53419233280.00
2023-07-12,2462.39,2468.09,2400.11,2402.77,13902333,52461084672.00
2023-07-13,2413.95,2464.22,2412.04,2456.11,16076146,55649558528.00
2023-07-14,2468.59,2492.25,2455.05,2458.26,16393118,57998958592.00
2023-07-17,2446.02,2447.98,2421.48,2435.81,13038454,49619501056.00
2023-07-18,2437.75,2482.17,2433.73,2436.14,18220222,59610873856.00
2023-07-19,2427.24,2453.32,2400.91,2412.79,15218839,49723105280.00
2023-07-20,2415.21,2418.47,2362.14,2365.43,14366345,44621385728.00
2023-07-21,2360.84,2381.27,2341.80,2348.38,12893062,42319618048.00
2023-07-24,2341.04,2361.31,2331.73,2334.88,10250351,33014753280.00
2023-07-25,2359.48,2374.27,2341.58,2369.44,11700780,39480422400.00
2023-07-26,2368.10,2382.43,2353.84,2359.86,9796931,34153289728.00
2023-07-27,2355.53,2362.09,2318.51,2324.13,10405509,34049875968.00
2023-07-28,2320.36,2339.70,2303.31,2332.05,9801095,36194127872.00
2023-07-31,2325.37,2363.72,2320.80,2356.21,10817058,39427567616.00
2023-08-01,2357.81,2370.69,2346.04,2361.10,9207460,33537859584.00
2023-08-02,2352.84,2378.79,2352.23,2365.10,8702221,33053630464.00
2023-08-03,2354.55,2378.23,2345.29,2366.56,7681443,28683706368.00
2023-08-04,2371.04,2383.36,2342.79,2358.31,9818628,36587433984.00
2023-08-07,2353.61,2363.43,2343.76,2347.66,8509556,31690366976.00
2023-08-08,2342.50,2359.84,2335.32,2336.31,7970781,27290660864.00
2023-08-09,2327.80,2333.61,2307.76,2310.15,7143120,24373413888.00
2023-08-10,2311.08,2334.49,2309.50,2319.35,7001737,25149507584.00
2023-08-11,2320.95,2321.20,2268.02,2268.03,8142623,27770746880.00
2023-08-14,2246.63,2253.16,2226.98,2252.12,7959832,26446694400.00
2023-08-15,2257.14,2262.10,2183.14,2205.63,8009775,31551358976.00
2023-08-16,2198.31,2212.58,2158.23,2158.23,7228451,27389972480.00
2023-08-17,2151.83,2186.54,2142.62,2175.28,7277778,26049572864.00
2023-08-18,2189.31,2194.33,2151.12,2151.13,7961429,28366823424.00
2023-08-21,2146.98,2165.67,2125.66,2125.66,6813934,23729774592.00
2023-08-22,2138.97,2158.65,2094.59,2153.45,9021462,30901084160.00
2023-08-23,2148.03,2148.03,2101.33,2101.33,6532267,22631276544.00
2023-08-24,2116.98,2157.37,2102.43,2131.32,7999391,29801746432.00
2023-08-25,2114.21,2115.98,2062.97,2074.40,10241346,31681314816.00
2023-08-28,2204.69,2204.94,2079.51,2085.92,12083039,40809259008.00
2023-08-29,2079.73,2178.46,2079.39,2171.74,13800179,45607354368.00
2023-08-30,2212.65,2267.66,2203.99,2233.04,19328958,65785229312.00
2023-08-31,2219.58,2273.16,2210.87,2257.99,18310432,57950851072.00
2023-09-01,2264.67,2286.70,2226.92,2242.90,12637238,45368438784.00
2023-09-04,2250.80,2271.76,2229.51,2271.65,13135756,46325231616.00
2023-09-05,2277.56,2304.37,2259.58,2266.73,16167833,58186076160.00
2023-09-06,2254.84,2332.29,2252.89,2327.27,20722826,70495133696.00
2023-09-07,2311.02,2311.02,2242.48,2242.51,18232090,60491243520.00
2023-09-08,2231.72,2278.95,2231.51,2264.07,15307120,50018140160.00
2023-09-11,2261.89,2284.99,2248.10,2266.43,15558030,49370505216.00
2023-09-12,2261.96,2270.25,2241.89,2243.40,12094817,37634293760.00
2023-09-13,2236.62,2255.51,2198.01,2218.50,12427074,39652548608.00
2023-09-14,2216.22,2221.09,2176.01,2186.44,10164227,33799710720.00
2023-09-15,2192.60,2249.85,2167.62,2217.22,13186858,45069062144.00
2023-09-18,2198.72,2206.43,2175.74,2181.38,11316517,36838473728.00
2023-09-19,2180.86,2185.08,2141.61,2166.11,9744471,34009251840.00
2023-09-20,2158.69,2177.58,2133.52,2133.70,8541012,28426639360.00
2023-09-21,2125.78,2145.37,2122.25,2127.90,7999728,26150520832.00
2023-09-22,2123.91,2176.41,2115.09,2176.41,10835260,36942487552.00
2023-09-25,2173.26,2173.26,2146.81,2153.05,9351469,31775365120.00
2023-09-26,2147.96,2157.04,2128.95,2128.95,8029802,27607549952.00
2023-09-27,2127.14,2157.83,2125.20,2126.18,8224870,26566858752.00
2023-09-28,2130.79,2168.74,2119.92,2155.22,9549583,33197633536.00
2023-10-09,2147.98,2177.94,2142.28,2167.04,9148323,31537387520.00
2023-10-10,2170.43,2205.89,2170.34,2192.56,11876456,38766333952.00
2023-10-11,2195.81,2235.55,2185.48,2226.00,14776216,49470144512.00
2023-10-12,2231.47,2247.61,2211.28,2243.62,12153283,44856647680.00
2023-10-13,2228.19,2254.32,2221.18,2241.93,12377353,42204897280.00
2023-10-16,2238.09,2238.48,2169.12,2177.75,12125492,39190179840.00
2023-10-17,2180.64,2202.41,2161.96,2195.36,10310897,31563206656.00
2023-10-18,2198.73,2214.57,2164.42,2164.42,11057235,36709769216.00
2023-10-19,2151.45,2228.09,2150.26,2184.61,16258560,52549959680.00
2023-10-20,2172.36,2187.61,2134.56,2136.32,14104679,46475915264.00
2023-10-23,2125.55,2131.29,2077.71,2088.35,12269732,38473940992.00
2023-10-24,2097.87,2145.96,2063.95,2130.20,15139181,48720994304.00
2023-10-25,2140.20,2154.78,2123.79,2142.48,12657393,42371452928.00
2023-10-26,2127.34,2142.12,2111.48,2138.32,14885762,41789718528.00
2023-10-27,2124.66,2190.85,2120.42,2180.45,17578248,51238395904.00
2023-10-30,2182.47,2278.88,2181.52,2271.43,22011401,72978112512.00
2023-10-31,2287.24,2301.55,2249.04,2268.64,17018398,54455418880.00
2023-11-01,2263.54,2282.26,2250.58,2256.60,13471027,43482882048.00
2023-11-02,2262.82,2273.27,2224.14,2224.70,13782012,41362206720.00
2023-11-03,2225.42,2299.66,2225.42,2291.82,17189831,54731919360.00
2023-11-06,2308.78,2347.67,2303.15,2338.96,19733739,65881956352.00
2023-11-07,2329.60,2355.98,2323.70,2351.00,17891800,56945963008.00
2023-11-08,2345.80,2379.35,2339.69,2354.98,17789116,60870766592.00
2023-11-09,2352.09,2367.56,2319.81,2323.44,15244697,49697599488.00
2023-11-10,2315.63,2350.49,2309.25,2320.94,16232019,50837483520.00
2023-11-13,2333.94,2339.65,2314.89,2329.67,15069881,46244024320.00
2023-11-14,2324.00,2357.01,2315.86,2354.88,15345413,49160200192.00
2023-11-15,2378.34,2380.13,2341.00,2346.82,16657240,55458828288.00
2023-11-16,2335.79,2340.43,2305.47,2305.47,13262583,41568317440.00
2023-11-17,2301.51,2324.12,2301.24,2320.30,14714886,41701019648.00
2023-11-20,2327.26,2329.24,2299.56,2318.69,19442317,56876244992.00
2023-11-21,2317.84,2325.86,2285.18,2288.99,18638958,51671535616.00
2023-11-22,2279.70,2289.56,2255.54,2255.54,17588333,46057402368.00
2023-11-23,2251.12,2279.96,2241.08,2276.02,16574254,40537055232.00
2023-11-24,2269.93,2270.21,2229.37,2231.66,14099332,37262725120.00
2023-11-27,2224.27,2272.08,2222.34,2270.56,14796123,42612252672.00
2023-11-28,2267.63,2286.43,2258.93,2276.56,13246351,38498123776.00
2023-11-29,2282.98,2309.71,2277.78,2277.78,15623717,45928120320.00
2023-11-30,2272.74,2273.00,2244.57,2264.54,13885760,38708207616.00
2023-12-01,2260.74,2273.84,2239.98,2271.44,11119559,36363694080.00
2023-12-04,2271.54,2284.02,2253.63,2253.63,11379550,37250453504.00
2023-12-05,2243.68,2243.68,2194.89,2194.89,11824445,37239009280.00
2023-12-06,2188.49,2212.66,2187.87,2196.54,10344948,35563208704.00
2023-12-07,2193.86,2200.93,2162.45,2174.54,10925983,39694422016.00
2023-12-08,2178.83,2220.82,2178.83,2220.82,17060263,63892135936.00
2023-12-11,2202.26,2254.24,2183.66,2252.03,13340453,45716971520.00
2023-12-12,2249.68,2265.53,2237.59,2250.29,10752386,37927968768.00
2023-12-13,2245.68,2262.67,2226.59,2226.59,8802259,31173122048.00
2023-12-14,2236.63,2253.76,2219.79,2221.59,9272411,31403925504.00
2023-12-15,2225.36,2228.66,2196.11,2200.72,7935075,26327724032.00
2023-12-18,2191.16,2191.16,2157.57,2162.67,8394186,25967251456.00
2023-12-19,2159.25,2204.27,2159.25,2186.49,7381136,25669758976.00
2023-12-20,2190.36,2191.88,2159.42,2160.13,7406127,24444444672.00
2023-12-21,2149.87,2190.29,2138.66,2175.99,8489966,27722819584.00
2023-12-22,2178.96,2179.40,2138.06,2145.92,8472034,26937516032.00
2023-12-25,2139.67,2158.71,2126.68,2136.20,7120092,24423968768.00
2023-12-26,2135.25,2135.97,2079.94,2086.57,8012027,24913428480.00
2023-12-27,2087.77,2129.60,2087.77,2120.43,8475503,29001879552.00
2023-12-28,2118.84,2176.51,2109.21,2165.99,10573239,35399684096.00
2023-12-29,2165.40,2190.46,2164.72,2185.69,11524332,35438657536.00
2024-01-02,2184.84,2184.84,2141.23,2141.23,10642376,32958777344.00
2024-01-03,2133.38,2143.32,2091.94,2102.17,10095121,32255041536.00
2024-01-04,2100.09,2101.13,2060.13,2071.96,8180503,27286802432.00
2024-01-05,2067.64,2087.70,2023.92,2037.43,8696748,26595266560.00
2024-01-08,2028.32,2030.14,1971.47,1971.50,8627373,27130511360.00
2024-01-09,1983.85,1998.16,1953.33,1970.05,8541402,27142004736.00
2024-01-10,1963.60,1981.92,1930.68,1950.36,7565536,23180834816.00
2024-01-11,1947.16,1990.82,1945.15,1981.66,8020511,26018488320.00
2024-01-12,1975.75,1980.23,1946.74,1946.74,7389450,23098298368.00
2024-01-15,1938.86,1989.41,1930.66,1961.27,9195775,29009860608.00
2024-01-16,1959.46,1969.19,1929.91,1959.35,8764862,28293517312.00
2024-01-17,1957.83,1958.63,1907.37,1907.37,7329831,23166117888.00
2024-01-18,1894.86,1940.35,1868.50,1938.57,11731095,35714478080.00
2024-01-19,1939.00,1958.37,1922.78,1924.91,9200367,28538224640.00
2024-01-22,1920.74,1924.82,1830.98,1846.97,11388622,34318512128.00
2024-01-23,1839.69,1872.66,1823.00,1862.45,10509616,31088748544.00
2024-01-24,1869.26,1873.38,1791.19,1856.32,11315536,33800042496.00
2024-01-25,1854.04,1909.28,1836.16,1903.98,11581175,34526699520.00
2024-01-26,1887.98,1888.75,1841.16,1843.96,11348337,34220556288.00
2024-01-29,1848.71,1873.76,1792.67,1792.67,10516004,31780941824.00
2024-01-30,1778.02,1788.49,1716.41,1718.32,9868866,28812386304.00
2024-01-31,1709.32,1720.54,1661.79,1661.79,12315199,31108743168.00
2024-02-01,1656.57,1714.53,1640.02,1678.02,11608131,31384776704.00
2024-02-02,1681.51,1691.36,1557.14,1609.07,14053148,34108889088.00
2024-02-05,1599.85,1607.63,1483.54,1561.76,17943295,39160373248.00
2024-02-06,1549.21,1668.18,1532.67,1667.01,17737465,39557222400.00
2024-02-07,1669.56,1726.67,1660.15,1705.30,20392551,46359490560.00
2024-02-08,1719.35,1796.55,1719.35,1777.38,20278599,47289167872.00
2024-02-19,1817.21,1820.22,1775.64,1814.17,18550636,47718043648.00
2024-02-20,1800.96,1817.48,1773.00,1806.18,16533389,39447670784.00
2024-02-21,1784.31,1850.07,1777.67,1813.58,18201097,45681160192.00
2024-02-22,1815.63,1850.38,1815.63,1847.28,15970526,41702055936.00
2024-02-23,1860.82,1866.82,1832.79,1863.56,15750633,41540464640.00
2024-02-26,1860.47,1907.76,1856.84,1878.87,17631761,45760843776.00
2024-02-27,1866.90,1964.73,1860.26,1964.71,18891407,54638428160.00
2024-02-28,1964.32,1996.59,1857.59,1857.60,23508355,64911003648.00
2024-02-29,1852.80,1979.46,1852.80,1979.46,20927778,65979998208.00
2024-03-01,1989.71,2026.22,1978.43,2020.46,21088313,67427020800.00
2024-03-04,2033.58,2046.86,1992.89,2034.61,21159662,64247107584.00
2024-03-05,2021.51,2053.36,2006.30,2018.62,20968870,63194284032.00
2024-03-06,2006.10,2018.60,1963.37,1993.42,16942401,48646225920.00
2024-03-07,2003.14,2024.76,1950.54,1950.54,15796153,47452012544.00
2024-03-08,1958.46,2003.99,1949.33,1998.58,16256364,48854679552.00
2024-03-11,1980.31,2023.42,1967.71,2023.42,14853855,46544351232.00
2024-03-12,2022.88,2072.72,2012.71,2032.62,17090221,55681777664.00
2024-03-13,2046.24,2063.18,2024.50,2028.91,15800639,50121744384.00
2024-03-14,2011.44,2022.39,1972.08,1994.45,13468455,42328834048.00
2024-03-15,1989.94,2005.54,1966.10,2002.48,11830447,37476290560.00
2024-03-18,2010.37,2063.06,2006.70,2062.61,16379315,53276766208.00
2024-03-19,2055.41,2073.72,2043.87,2043.87,17056994,51454185472.00
2024-03-20,2040.94,2054.43,2021.97,2048.42,14125768,42468302848.00
2024-03-21,2065.65,2087.55,2037.48,2047.03,16081104,52190859264.00
2024-03-22,2045.79,2071.43,2028.03,2029.45,18002724,56261730304.00
2024-03-25,2021.94,2030.41,1969.50,1970.03,16915538,51694018560.00
2024-03-26,1973.11,1998.09,1935.35,1944.62,14614961,44075360256.00
2024-03-27,1948.40,1948.98,1876.33,1876.33,15300363,43239518208.00
2024-03-28,1875.77,1938.36,1868.38,1910.68,14713227,43202134016.00
2024-03-29,1906.63,1919.01,1875.05,1918.65,12357911,34580013056.00
2024-04-01,1929.45,1954.36,1927.15,1947.87,13288715,37393018880.00
2024-04-02,1950.36,1950.88,1904.27,1915.97,12397093,34488066048.00
2024-04-03,1912.77,1930.67,1878.39,1901.82,13655361,37849444352.00
